title,genre1,Service
Duck the Halls: A Mickey Mouse Christmas Special,Animation,Disney
Ernest Saves Christmas,Comedy,Disney
Ice Age: A Mammoth Christmas,Animation,Disney
The Queen Family Singalong,Musical,Disney
The Beatles: Get Back,Docuseries,Disney
Becoming Cousteau,Biographical,Disney
Hawkeye,Action-Adventure,Disney
Port Protection Alaska,Docuseries,Disney
Secrets of the Zoo: Tampa,Animals & Nature,Disney
A Muppets Christmas: Letters To Santa,Comedy,Disney
Adventure Thru the Walt Disney Archives,Documentary,Disney
Puppy for Hanukkah,Comedy,Disney
The Pixar Story,Documentary,Disney
"Dr. Oakley, Yukon Vet",Action-Adventure,Disney
America the Beautiful,Animals & Nature,Disney
Baymax!,Animation,Disney
Ciao Alberto,Animation,Disney
Disney Fancy Nancy,Animation,Disney
Disney Intertwined,Comedy,Disney
Enchanted,Comedy,Disney
Feast,Animation,Disney
Frozen Fever,Animation,Disney
Get a Horse!,Action-Adventure,Disney
Home Sweet Home Alone,Comedy,Disney
Jungle Cruise,Action-Adventure,Disney
Limitless with Chris Hemsworth,Lifestyle,Disney
Marvel Studios’ 2021 Disney+ Day Special,Movies,Disney
Obi-Wan Kenobi,Action-Adventure,Disney
Olaf Presents,Animation,Disney
Paperman,Animation,Disney
Pixar 2021 Disney+ Day Special,Movies,Disney
Shang-Chi and The Legend of The Ten Rings,Action-Adventure,Disney
Spin,Coming of Age,Disney
Tangled Ever After,Animation,Disney
The Ballad of Nessie,Animation,Disney
The Little Matchgirl,Animation,Disney
The Making of Happier Than Ever: A Love Letter to Los Angeles,Concert Film,Disney
The Proud Family: Louder and Prouder,Animation,Disney
The Simpsons in Plusaversary,Animation,Disney
Tick Tock Tale,Animation,Disney
Under the Helmet: The Legacy of Boba Fett,Science Fiction,Disney
Willow,Action-Adventure,Disney
Alvin and the Chipmunks: Chipwrecked,Comedy,Disney
Jingle All The Way,Comedy,Disney
Jingle All the Way 2,Comedy,Disney
Prep & Landing: Operation Secret Santa,Animation,Disney
Santa Buddies: The Legend of Santa Paws,Comedy,Disney
Snow Buddies,Action-Adventure,Disney
Space Buddies,Action-Adventure,Disney
The Search for Santa Paws,Drama,Disney
X-Men: First Class,Action-Adventure,Disney
Disney Amphibia,Animation,Disney
Photo Ark,Animals & Nature,Disney
Storm Rising,Action-Adventure,Disney
Bob Ballard: An Explorer's Life,Biographical,Disney
"McFarland, USA",Drama,Disney
Rookie of the Year,Comedy,Disney
Thumbelina,Animation,Disney
PJ Masks,Action-Adventure,Disney
The Wild Life of Dr. Ole,Animals & Nature,Disney
Lost Cities with Albert Lin: The Great Flood,Documentary,Disney
Megacity of the Maya Warriors,Documentary,Disney
Apollo: Back To The Moon,Docuseries,Disney
Just Beyond,Anthology,Disney
Secrets Of The Zoo: Down Under,Animals & Nature,Disney
Secrets of the Zoo: North Carolina,Reality,Disney
The Wizard of Paws,Animals & Nature,Disney
Zombies: Addison's Moonstone Mystery,Animation,Disney
Just Roll With It: You Decide Live!,Comedy,Disney
Mickey's Tale of Two Witches,Animation,Disney
Muppets Haunted Mansion,Comedy,Disney
The Most Magical Story on Earth: 50 Years of Walt Disney World,Family,Disney
Under Wraps,Action-Adventure,Disney
Among the Stars,Docuseries,Disney
Black Widow,Action-Adventure,Disney
Drain the Oceans,Docuseries,Disney
Drain The Oceans: The Mississippi River & Arctic War,Docuseries,Disney
Fauci,Biographical,Disney
IMPACT with Gal Gadot,Docuseries,Disney
The Ghost and Molly McGee,Animation,Disney
Alvin and the Chipmunks,Animation,Disney
Alvin and the Chipmunks: The Road Chip,Comedy,Disney
LEGO Star Wars Terrifying Tales,Action-Adventure,Disney
Maleficent,Action-Adventure,Disney
The Scariest Story Ever: A Mickey Mouse Halloween Spooktacular,Animation,Disney
Disney Vampirina,Animation,Disney
Disney's Magic Bake-Off,Family,Disney
Great Barrier Reef,Animals & Nature,Disney
Ready for Preschool,Kids,Disney
Rolie Polie Olie,Animation,Disney
Star Wars Galaxy of Sounds,Animation,Disney
The Hatcher Family Dairy,Animals & Nature,Disney
The Simpsons,Animation,Disney
A Spark Story,Documentary,Disney
Spooky Buddies,Comedy,Disney
The Fault in Our Stars,Coming of Age,Disney
Dog: Impossible,Animals & Nature,Disney
Spidey And His Amazing Friends,Action-Adventure,Disney
Star Wars: Visions,Action-Adventure,Disney
Confessions of a Shopaholic,Comedy,Disney
Descendants: Royal Wedding,Animation,Disney
Disney's Broadway Hits at London's Royal Albert Hall,Concert Film,Disney
Flooded Tombs of the Nile,Documentary,Disney
Jade Eyed Leopard,Animals & Nature,Disney
Nona,Animation,Disney
Smoky Mountain Park Rangers,Animals & Nature,Disney
Life Below Zero,Action-Adventure,Disney
Miraculous: Tales Of Ladybug & Cat Noir,Action-Adventure,Disney
Unknown Waters with Jeremy Wade,Animals & Nature,Disney
Far Away From Raven’s Home,Comedy,Disney
Pirates of the Caribbean: On Stranger Tides,Action-Adventure,Disney
Twenty Something,Animation,Disney
"Doogie Kamealoha, M.D.",Comedy,Disney
"Mira, Royal Detective",Animation,Disney
Pepper Ann,Animation,Disney
The Incredible Dr. Pol,Animals & Nature,Disney
Happier Than Ever: A Love Letter to Los Angeles,Concert Film,Disney
X-Men: Dark Phoenix,Action-Adventure,Disney
Alaska Animal Rescue,Animals & Nature,Disney
Dug Days,Animation,Disney
Cruella,Crime,Disney
Dan in Real Life,Comedy,Disney
Disney Princess Remixed - An Ultimate Princess Celebration,Family,Disney
Marvel One-Shot: All Hail the King,Comedy,Disney
Underdog,Action-Adventure,Disney
Dr. K's Exotic Animal ER,Animals & Nature,Disney
Gigantosaurus,Action-Adventure,Disney
Life Below Zero: Next Generation,Action-Adventure,Disney
Eragon,Action-Adventure,Disney
Growing Up Animal,Animals & Nature,Disney
Fantastic Four,Action-Adventure,Disney
X-Men,Action-Adventure,Disney
America's Funniest Home Videos: Animal Edition,Reality,Disney
Chicken Squad,Animation,Disney
Disney Presents Goofy in How to Stay at Home,Animation,Disney
Gabby Duran And The Unsittables,Comedy,Disney
What If...?,Action-Adventure,Disney
Beverly Hills Chihuahua 2,Action-Adventure,Disney
Beverly Hills Chihuahua 3: Viva La Fiesta!,Comedy,Disney
Killer Shark vs Killer Whale,Animals & Nature,Disney
Mrs. Doubtfire,Comedy,Disney
Cesar Millan: Better Human Better Dog,Animals & Nature,Disney
Walt Disney Animation Studios: Short Circuit Experimental Films,Animation,Disney
Built for Mars: The Perseverance Rover,Documentary,Disney
Garfield,Comedy,Disney
Chip 'n' Dale: Park Life,Animation,Disney
Critter Fixers: Country Vets,Animals & Nature,Disney
Disney Junior T.O.T.S.,Animation,Disney
Mickey Mouse Funhouse,Animation,Disney
Minnie's Bow-Toons: Party Palace Pals,Animation,Disney
Turning the Tables with Robin Roberts,Talk Show,Disney
Ice Age: The Meltdown,Animation,Disney
Playing with Sharks,Animals & Nature,Disney
Shark vs. Surfer,Animals & Nature,Disney
Shark vs. Whale,Animals & Nature,Disney
Stuntman,Documentary,Disney
Walking with Dinosaurs: The Movie,Action-Adventure,Disney
What the Shark?,Animals & Nature,Disney
Behind the Attraction,Docuseries,Disney
Disney The Owl House,Action-Adventure,Disney
Meet Spidey and His Amazing Friends (Shorts),Action-Adventure,Disney
Mission Force One,Action-Adventure,Disney
Turner & Hooch,Action-Adventure,Disney
Most Wanted Sharks,Animals & Nature,Disney
Secrets of the Bull Shark,Animals & Nature,Disney
Shark Attack Files,Animals & Nature,Disney
Shark Attack Investigation: The Paige Winter Story,Animals & Nature,Disney
Sharkcano,Animals & Nature,Disney
We Bought a Zoo,Animals & Nature,Disney
World's Biggest Bullshark,Animals & Nature,Disney
World's Most Dangerous Shark?,Animals & Nature,Disney
So Random!,Comedy,Disney
Flicka,Animals & Nature,Disney
"Miraculous World: Shanghai, The Legend of Ladydragon",Animation,Disney
Orca vs. Great White,Animals & Nature,Disney
Rogue Shark?,Animals & Nature,Disney
Shark Beach with Chris Hemsworth,Animals & Nature,Disney
Shark Gangs,Animals & Nature,Disney
The Croc That Ate Jaws,Animals & Nature,Disney
When Sharks Attack,Reality,Disney
Breaking Bobby Bones,Action-Adventure,Disney
Mickey Mouse Mixed-Up Adventures,Animation,Disney
Monsters at Work,Animation,Disney
"The Good, The Bart, and The Loki",Animation,Disney
Disney Raven's Home,Comedy,Disney
The Sandlot,Comedy,Disney
The Sandlot 2,Comedy,Disney
Adventures in Babysitting,Action-Adventure,Disney
Running Wild with Bear Grylls,Action-Adventure,Disney
The Mysterious Benedict Society,Action-Adventure,Disney
Wolfgang,Biographical,Disney
Dino Ranch,Animation,Disney
Disney Just Roll With It,Comedy,Disney
"Heartland Docs, DVM",Animals & Nature,Disney
Luca,Animation,Disney
Star Wars Vintage: Droids,Action-Adventure,Disney
Puppy Dog Pals,Animation,Disney
Strange Magic,Action-Adventure,Disney
The Happiest Millionaire,Biographical,Disney
The Pacifier,Action-Adventure,Disney
Zenimation,Animation,Disney
Loki,Action-Adventure,Disney
Gordon Ramsay: Uncharted,Action-Adventure,Disney
MUPPET BABIES,Animation,Disney
Raya and the Last Dragon,Action-Adventure,Disney
Red Tails,Action-Adventure,Disney
Us Again,Animation,Disney
American Eid,Drama,Disney
Bluey,Animation,Disney
Dinner Is Served,Coming of Age,Disney
Disney Sydney To The Max,Comedy,Disney
Growing Fangs,Coming of Age,Disney
Kingdom of the Polar Bears,Animals & Nature,Disney
Let's Be Tigers,Drama,Disney
The Last of the Chupacabras,Fantasy,Disney
The Little Prince(ss),Drama,Disney
Wicked Tuna,Action-Adventure,Disney
Big City Greens,Action-Adventure,Disney
Fury Files,Animation,Disney
Ice Road Rescue,Docuseries,Disney
Tinker Bell and the Legend of the NeverBeast,Action-Adventure,Disney
Schoolhouse Rock!,Animals & Nature,Disney
Disney Special Agent Oso: Three Healthy Steps (Shorts),Action-Adventure,Disney
Race to the Center of the Earth,Action-Adventure,Disney
Special Agent Oso,Action-Adventure,Disney
X-Men: The Last Stand,Action-Adventure,Disney
The Incredible Hulk,Action-Adventure,Disney
Fantastic Four: Rise of the Silver Surfer,Action-Adventure,Disney
Wander Over Yonder,Comedy,Disney
Wild Hearts Can't Be Broken,Biographical,Disney
"Maggie Simpson in ""The Force Awakens from its Nap""",Animation,Disney
Star Wars Biomes,Science Fiction,Disney
Star Wars Vehicle Flythroughs,Anthology,Disney
The Bad Batch,Action-Adventure,Disney
Spider-Man,Action-Adventure,Disney
22 vs. Earth,Animation,Disney
Adventures in Wonderland,Fantasy,Disney
Disney My Music Story SUKIMASWITCH,Biographical,Disney
DuckTales,Action-Adventure,Disney
Oklahoma!,Musical,Disney
Baby's Day Out,Action-Adventure,Disney
Being the Queen,Biographical,Disney
Liv and Maddie,Comedy,Disney
Secrets of the Whales,Animals & Nature,Disney
Big Shot,Comedy,Disney
Earth Moods,Animals & Nature,Disney
Primal Survivor,Docuseries,Disney
Rio,Action-Adventure,Disney
The Kid Who Would Be King,Action-Adventure,Disney
Treasure Buddies,Action-Adventure,Disney
White Fang 2: Myth of the White Wolf,Action-Adventure,Disney
Cesar Millan: The Real Story,Biographical,Disney
Future-Worm!,Family,Disney
Kick Buttowski: Suburban Daredevil,Action-Adventure,Disney
Man of the House,Comedy,Disney
Mark Twain and Me,Biographical,Disney
Squanto: A Warrior's Tale,Action-Adventure,Disney
Caravan of Courage: An Ewok Adventure,Action-Adventure,Disney
Ewoks: The Battle for Endor,Action-Adventure,Disney
Higglytown Heroes,Animation,Disney
Island at the Top of the World,Action-Adventure,Disney
Made in a Day,Reality,Disney
Night at the Museum,Action-Adventure,Disney
Secrets Of The Zoo,Animals & Nature,Disney
Sharks Of The Bermuda Triangle,Animals & Nature,Disney
Star Wars Vintage: Clone Wars 2D Micro-Series,Series,Disney
Star Wars Vintage: Story of the Faithful Wookiee,Animation,Disney
Star Wars: Ewoks,Action-Adventure,Disney
The Big Year,Animals & Nature,Disney
The Last Ice,Animals & Nature,Disney
Third Man on the Mountain,Action-Adventure,Disney
Walk the Prank,Comedy,Disney
Gnomeo & Juliet,Action-Adventure,Disney
Pickle and Peanut,Comedy,Disney
The Mighty Ducks: Game Changers,Comedy,Disney
Disney Big Hero 6 The Series,Action-Adventure,Disney
Disney My Music Story: Perfume,Biographical,Disney
Mexico Untamed,Animals & Nature,Disney
The Falcon and The Winter Soldier,Action-Adventure,Disney
Doc McStuffins: The Doc Is In,Animation,Disney
Marvel Studios ASSEMBLED,Anthology,Disney
Miss Peregrine's Home for Peculiar Children,Coming of Age,Disney
Own the Room,Documentary,Disney
Garfield: A Tail of Two Kitties,Comedy,Disney
American Dragon: Jake Long,Action-Adventure,Disney
Car SOS,Buddy,Disney
Disney Channel Games 2008,Game Show / Competition,Disney
Disney Roll It Back (Shorts),Comedy,Disney
Dog With a Blog,Comedy,Disney
Mickey Go Local,Animation,Disney
Myth: A Frozen Tale,Animation,Disney
Okavango: River of Dreams,Animals & Nature,Disney
Pair of Kings,Action-Adventure,Disney
Secrets of Sulphur Springs,Family,Disney
Shanghai Disney Resort Grand Opening Gala,Variety,Disney
Cheaper By the Dozen,Comedy,Disney
Cheaper by the Dozen 2,Comedy,Disney
Flora & Ulysses,Comedy,Disney
The Book of Life,Action-Adventure,Disney
The Muppet Show,Comedy,Disney
Marvel Battleworld: Mystery of the Thanostones,Action-Adventure,Disney
Marvel's Behind the Mask,Anthology,Disney
Rodgers & Hammerstein's Cinderella,Comedy,Disney
You Again,Comedy,Disney
Disney My Music Story: Yoshiki,Biographical,Disney
Expedition Everest,Animals & Nature,Disney
Upside-Down Magic,Coming of Age,Disney
Wicked Tuna: Outer Banks,Animals & Nature,Disney
Dinosaurs,Comedy,Disney
Texas Storm Squad,Documentary,Disney
Pixar Popcorn,Animation,Disney
Wild Uganda,Animals & Nature,Disney
Elena of Avalor,Action-Adventure,Disney
Isle of Dogs,Action-Adventure,Disney
Mary Poppins Returns,Family,Disney
WandaVision,Drama,Disney
Disney Fam Jam,Family,Disney
Ferdinand,Action-Adventure,Disney
Marvel Studios LEGENDS,Action-Adventure,Disney
Toy Story: That Time Forgot,Action-Adventure,Disney
700 Sharks,Animals & Nature,Disney
Big Sharks Rule,Animals & Nature,Disney
Dr. Seuss' Horton Hears a Who!,Animation,Disney
Great Shark Chow Down,Animals & Nature,Disney
Mega Hammerhead,Animals & Nature,Disney
Burrow,Animation,Disney
Cosmos: Possible Worlds,Action-Adventure,Disney
Disney Gallery / Star Wars: The Mandalorian,Action-Adventure,Disney
Max Keeble's Big Move,Comedy,Disney
Soul,Animation,Disney
Arendelle Castle Yule Log,Animation,Disney
Buried Truth of the Maya,Documentary,Disney
Disney Parks Sunrise Series,Animals & Nature,Disney
Dory's Reef Cam,Animation,Disney
Into the Woods,Action-Adventure,Disney
"Miraculous World: New York, United Heroez",Action-Adventure,Disney
On Pointe,Docuseries,Disney
Wild Nordic,Animals & Nature,Disney
Disney Channel's Epic Holiday Showdown,Fantasy,Disney
Disney Holiday Magic Quest,Movies,Disney
Gender Revolution: A Journey With Katie Couric,Documentary,Disney
High School Musical: The Musical: The Holiday Special,Drama,Disney
Ralph Breaks the Internet,Action-Adventure,Disney
Safety,Biographical,Disney
Anastasia,Animation,Disney
Godmothered,Comedy,Disney
Man vs. Shark,Animals & Nature,Disney
Mulan,Action-Adventure,Disney
Sky High,Action-Adventure,Disney
The Disney Holiday Singalong,Family,Disney
The Nutcracker and the Four Realms,Action-Adventure,Disney
"Alexander and the Terrible, Horrible, No Good, Very Bad Day",Comedy,Disney
Black Beauty,Animals & Nature,Disney
From Our Family to Yours,Animation,Disney
Once Upon a Time in Wonderland,Action-Adventure,Disney
Party Animals,Animals & Nature,Disney
Folklore: the long pond studio sessions,Documentary,Disney
Bia,Coming of Age,Disney
Marvel's 616,Anthology,Disney
Planes,Action-Adventure,Disney
Planes: Fire & Rescue,Action-Adventure,Disney
The Real Right Stuff,Documentary,Disney
The Wonderful World of Mickey Mouse,Action-Adventure,Disney
LEGO Star Wars Holiday Special,Action-Adventure,Disney
Home Alone,Comedy,Disney
Home Alone 2: Lost in New York,Comedy,Disney
Home Alone 3,Comedy,Disney
Inside Pixar,Docuseries,Disney
Petra: Secrets of the Ancient Builders,Documentary,Disney
Ultimate Viking Sword,Documentary,Disney
Disney's A Christmas Carol,Animation,Disney
Fancy Nancy (Shorts),Animation,Disney
Goldie & Bear,Action-Adventure,Disney
Mr. Magoo,Action-Adventure,Disney
Prep & Landing,Animation,Disney
Prep & Landing: Naughty vs. Nice,Animation,Disney
Disney Channel Halloween House Party,Comedy,Disney
The Mandalorian,Action-Adventure,Disney
The Sorcerer's Apprentice,Action-Adventure,Disney
X-Ray Earth,Animals & Nature,Disney
Gathering Storm,Animals & Nature,Disney
India From Above,Docuseries,Disney
Marvel Super Hero Adventures,Action-Adventure,Disney
Once Upon a Snowman,Animation,Disney
Pompeii: Secrets Of The Dead,Documentary,Disney
Toy Story of Terror!,Animation,Disney
Beverly Hills Chihuahua,Action-Adventure,Disney
Clouds,Biographical,Disney
Lost on Everest,Animals & Nature,Disney
Marvel's Iron Man & Captain America: Heroes United,Action-Adventure,Disney
Meet The Chimps,Animals & Nature,Disney
The Rocketeer,Action-Adventure,Disney
Oil Spill of The Century,Documentary,Disney
The Chronicles Of Narnia: The Voyage of the Dawn Treader,Action-Adventure,Disney
The Right Stuff,Drama,Disney
Wild Portugal,Animals & Nature,Disney
X2,Action-Adventure,Disney
Mr. Holland's Opus,Drama,Disney
Disneynature Oceans,Animals & Nature,Disney
Hidden Figures,Biographical,Disney
Magic of Disney's Animal Kingdom,Animals & Nature,Disney
Secret Society of Second-Born Royals,Action-Adventure,Disney
The Giant Robber Crab,Animals & Nature,Disney
Wild Central America,Action-Adventure,Disney
Ancient China from Above,Docuseries,Disney
Becoming,Anthology,Disney
Coop & Cami Ask The World,Comedy,Disney
Europe from Above,Docuseries,Disney
Ever After: A Cinderella Story,Drama,Disney
Kingdom of the Mummies,Docuseries,Disney
Morning Light,Documentary,Disney
Notre Dame: Race Against The Inferno,Documentary,Disney
Once Upon a Time,Action-Adventure,Disney
Soy Luna,Comedy,Disney
Violetta,Coming of Age,Disney
Christopher Robin,Drama,Disney
D2: The Mighty Ducks,Comedy,Disney
D3: The Mighty Ducks,Comedy,Disney
Earth to Ned,Comedy,Disney
Trick or Treat,Animation,Disney
Alice Through the Looking Glass,Action-Adventure,Disney
Phineas and Ferb The Movie: Candace Against the Universe,Action-Adventure,Disney
Back to the Titanic,Documentary,Disney
Beauty and the Beast,Family,Disney
Mars: One Day on the Red Planet,Documentary,Disney
The One and Only Ivan,Drama,Disney
"Weirdest, Bestest, Truest",Animals & Nature,Disney
Disney Junior T.O.T.S.: Calling All T.O.T.S. (Shorts),Animation,Disney
Disney Zombies 2,Coming of Age,Disney
India's Wild Leopards,Animals & Nature,Disney
Jungle Animal Rescue,Animals & Nature,Disney
Magic Camp,Comedy,Disney
Marvel Studios' Ant-Man and the Wasp,Action-Adventure,Disney
Nature Boom Time,Animals & Nature,Disney
Sam's Zookeeper Challenge,Animals & Nature,Disney
Scuba Sam's World,Animals & Nature,Disney
Spaced Out,Docuseries,Disney
The Greatest Showman,Biographical,Disney
Weird But True!,Animals & Nature,Disney
Wild Cats of India,Animals & Nature,Disney
Howard,Biographical,Disney
Prince of Persia: The Sands of Time,Action-Adventure,Disney
Star Wars: Galaxy's Edge-Adventure Awaits,Documentary,Disney
The Hidden Kingdoms of China,Animals & Nature,Disney
The Peanuts Movie,Animation,Disney
UFO Europe: The Untold Stories,Docuseries,Disney
Animal Showdown,Animals & Nature,Disney
Best Job Ever,Animals & Nature,Disney
Big Cat Games,Animals & Nature,Disney
Black Is King,Dance,Disney
Cradle of the Gods,Documentary,Disney
Destination World,Animals & Nature,Disney
Fearless Adventures with Jack Randall,Animals & Nature,Disney
Hunt for the Abominable Snowman,Documentary,Disney
Incredibles 2,Action-Adventure,Disney
King Fishers,Action-Adventure,Disney
Lost Temple of the Inca,Documentary,Disney
Marvel Funko Shorts,Action-Adventure,Disney
Muppets Now,Comedy,Disney
Surviving the Mount St. Helens Disaster,Animals & Nature,Disney
What Sam Sees,Animals & Nature,Disney
Pirates of the Caribbean: Dead Men Tell No Tales,Action-Adventure,Disney
PJ Masks (Shorts),Action-Adventure,Disney
Rogue Trip,Buddy,Disney
Wild Congo,Animals & Nature,Disney
Wild Sri Lanka,Animals & Nature,Disney
A Pre-Opening Report from Disneyland,Documentary,Disney
Diary of a Wimpy Kid: The Long Haul,Comedy,Disney
Disney Junior Music Lullabies,Animation,Disney
Lost City of Machu Picchu,Documentary,Disney
Super Robot Monkey Team Hyperforce Go!,Action-Adventure,Disney
The Mouseketeers at Walt Disney World,Coming of Age,Disney
Wild Chile,Animals & Nature,Disney
X-Men: Apocalypse,Action-Adventure,Disney
Cosmos: A Spacetime Odyssey,Action-Adventure,Disney
Hamilton: History Has Its Eyes on You,Historical,Disney
Solo: A Star Wars Story,Action-Adventure,Disney
X-Men: Days of Future Past,Action-Adventure,Disney
The Undefeated Presents: Hamilton In-Depth,Historical,Disney
Animal ER,Animals & Nature,Disney
Diary of a Wimpy Kid: Rodrick Rules,Comedy,Disney
Hamilton,Biographical,Disney
Ice Age: Collision Course,Action-Adventure,Disney
Race to Witch Mountain,Action-Adventure,Disney
The Big Green,Comedy,Disney
The Mighty Ducks,Comedy,Disney
While You Were Sleeping,Comedy,Disney
Disney A.N.T. Farm,Comedy,Disney
Into the Unknown: Making Frozen 2,Docuseries,Disney
Man in Space,Documentary,Disney
Mars and Beyond,Animation,Disney
Marvel Studios' Avengers: Infinity War,Action-Adventure,Disney
Tarzan,Action-Adventure,Disney
Tarzan II,Action-Adventure,Disney
101 Dalmatians (Series),Action-Adventure,Disney
Big Sur: Wild California,Animals & Nature,Disney
Disney Junior Muppet Babies Play Date,Comedy,Disney
Egypt's Treasure Guardians,Documentary,Disney
The Jungle Book,Action-Adventure,Disney
The Pirate Fairy,Action-Adventure,Disney
Trail Mix-Up,Action-Adventure,Disney
Tummy Trouble,Action-Adventure,Disney
Artemis Fowl,Action-Adventure,Disney
Mighty Med,Comedy,Disney
The Liberty Story,Drama,Disney
The Story of the Animated Drawing,Documentary,Disney
Walt & El Grupo,Documentary,Disney
Alaska's Grizzly Gauntlet,Animals & Nature,Disney
America's Greatest Animals,Animals & Nature,Disney
Chasing the Equinox,Documentary,Disney
Howie Mandel's Animals Doing Things,Animals & Nature,Disney
Japan: Between Earth and Sky,Animals & Nature,Disney
Percy Jackson & The Olympians: The Lightning Thief,Action-Adventure,Disney
Secrets of Wild India,Animals & Nature,Disney
The Greeks,Docuseries,Disney
Wild Hawaii,Animals & Nature,Disney
Women Of Impact: Changing The World,Documentary,Disney
"Maggie Simpson in ""The Longest Daycare""",Animation,Disney
Mickey and the Seal,Animation,Disney
The Evermoor Chronicles,Coming of Age,Disney
The Moon-Spinners,Crime,Disney
Doc McStuffins,Animation,Disney
Fantastic Mr. Fox,Animation,Disney
"Hello, Dolly!",Comedy,Disney
Marvel's Future Avengers,Action-Adventure,Disney
Out,Animation,Disney
The Big Fib,Family,Disney
The Boys: The Sherman Brothers' Story,Biographical,Disney
It's a Dog's Life with Bill Farmer,Animals & Nature,Disney
Maleficent: Mistress of Evil,Action-Adventure,Disney
Star Wars: The Rise of Skywalker (Episode IX),Action-Adventure,Disney
John Carter,Action-Adventure,Disney
Awesome Animals,Animals & Nature,Disney
Birth of Europe,Docuseries,Disney
Bride of Boogedy,Action-Adventure,Disney
Buried Secrets Of The Bible With Albert Lin,Action-Adventure,Disney
Disney Prop Culture,Docuseries,Disney
George of the Jungle,Action-Adventure,Disney
Homeward Bound II: Lost in San Francisco,Action-Adventure,Disney
Homeward Bound: The Incredible Journey,Action-Adventure,Disney
How to Play Baseball,Animation,Disney
In Beaver Valley,Animals & Nature,Disney
Lost Treasures Of Egypt,Docuseries,Disney
Love & Vets,Animals & Nature,Disney
Nature's Half Acre,Animals & Nature,Disney
Prairie Dog Manor,Animals & Nature,Disney
Prowlers of the Everglades,Animals & Nature,Disney
The Princess Bride,Action-Adventure,Disney
United States Of Animals,Animals & Nature,Disney
Unlikely Animal Friends,Animals & Nature,Disney
Water Birds,Animals & Nature,Disney
National Treasure,Action-Adventure,Disney
Born Wild: The Next Generation,Animals & Nature,Disney
America's Funniest Home Videos,Comedy,Disney
The Olympic Elk,Animals & Nature,Disney
Tangled: The Series,Action-Adventure,Disney
Jane Goodall: The Hope,Biographical,Disney
Brain Games,Docuseries,Disney
Disney Mickey and the Roadster Racers - Chip 'N' Dale's Nutty Tales (Shorts),Action-Adventure,Disney
Let's Stick Together,Animation,Disney
Pluto's Purchase,Animation,Disney
Tron Uprising,Action-Adventure,Disney
A Celebration of the Music from Coco,Concert Film,Disney
Disney Playtime with Puppy Dog Pals (Shorts),Animation,Disney
"Maggie Simpson in ""Playdate with Destiny""",Animation,Disney
Paradise Islands,Animals & Nature,Disney
Tut's Treasures: Hidden Secrets,Docuseries,Disney
A Tale of Two Critters,Animals & Nature,Disney
All in a Nutshell,Animation,Disney
Disneynature Penguins,Animals & Nature,Disney
Diving with Dolphins,Animals & Nature,Disney
Dolphin Reef,Animals & Nature,Disney
Don's Fountain of Youth,Animation,Disney
Donald's Dog Laundry,Animation,Disney
Double Dribble,Animation,Disney
Dragon Around,Animation,Disney
Elephant,Animals & Nature,Disney
Elmer Elephant,Animation,Disney
Fish Hooks,Animation,Disney
How To Play Football,Animation,Disney
In the Footsteps of Elephant,Animals & Nature,Disney
"Lambert, The Sheepish Lion",Animation,Disney
On Ice,Animation,Disney
Onward,Action-Adventure,Disney
Out of Scale,Animation,Disney
Penguins: Life on the Edge,Animals & Nature,Disney
Pluto's Party,Animation,Disney
Sea Scouts,Animation,Disney
Sonny With A Chance,Comedy,Disney
The Boy Who Talked to Badgers,Action-Adventure,Disney
The New Neighbor,Animation,Disney
The Small One,Animation,Disney
The Straight Story,Biographical,Disney
Frankenweenie,Animation,Disney
Mars Needs Moms,Action-Adventure,Disney
Prom,Comedy,Disney
The Last Song,Coming of Age,Disney
The Odd Life of Timothy Green,Drama,Disney
Be Our Chef,Family,Disney
A Wrinkle in Time,Action-Adventure,Disney
Disney I Didn't Do It,Comedy,Disney
Disney Insider,Anthology,Disney
Disney Vampirina Ghoul Girls Rock! (Shorts),Animation,Disney
G-Force,Action-Adventure,Disney
Frozen 2,Action-Adventure,Disney
Stargirl,Coming of Age,Disney
The Finest Hours,Action-Adventure,Disney
The Sandlot: Heading Home,Comedy,Disney
Bedtime Stories,Comedy,Disney
Marvel Studios' Black Panther,Action-Adventure,Disney
101 Dalmatian Street,Action-Adventure,Disney
Disney Phineas and Ferb: Phineas and Ferb Star Wars,Action-Adventure,Disney
Shop Class,Family,Disney
Viking Warrior Women,Documentary,Disney
Star Wars Resistance,Action-Adventure,Disney
Lost Cities With Albert Lin,Action-Adventure,Disney
Marvel Rising: Operation Shuri,Action-Adventure,Disney
Marvel Rising: Playing With Fire,Action-Adventure,Disney
Star Wars: The Clone Wars,Action-Adventure,Disney
Marvel's Iron Man & Hulk: Heroes United,Action-Adventure,Disney
Because of Winn-Dixie,Comedy,Disney
Fairy Tale Weddings,Docuseries,Disney
"My Dog, the Thief",Action-Adventure,Disney
Splash,Comedy,Disney
That's So Raven,Comedy,Disney
Timmy Failure: Mistakes Were Made,Buddy,Disney
Toy Story 4,Action-Adventure,Disney
Descendants 3,Coming of Age,Disney
Around the World in 80 Days,Action-Adventure,Disney
Big Business,Comedy,Disney
Lamp Life,Animation,Disney
The Lion King,Action-Adventure,Disney
Diary of a Future President,Comedy,Disney
High School Musical: The Musical: The Series: The Sing-Along,Comedy,Disney
America's National Parks,Animals & Nature,Disney
Continent 7: Antarctica,Action-Adventure,Disney
Disney Randy Cunningham: 9th Grade Ninja,Action-Adventure,Disney
Muppet Babies Show and Tell (Shorts),Animation,Disney
The Lodge,Coming of Age,Disney
Wild Russia,Animals & Nature,Disney
Destino,Animation,Disney
Forky Asks a Question: What is Reading?,Animation,Disney
Loop,Animation,Disney
Marvel's Runaways,Coming of Age,Disney
Aladdin (2019),Action-Adventure,Disney
Forky Asks a Question: What is Cheese?,Animation,Disney
Austin & Ally,Comedy,Disney
Billy Dilley's Super-Duper Subterranean Summer,Animation,Disney
Cars Toon: El Materdor,Animation,Disney
Cars Toon: Moon Mater,Animation,Disney
Cars Toon: Rescue Squad Mater,Animation,Disney
Cars Toon: Spinning,Animation,Disney
Cars Toon: Time Travel Mater,Animation,Disney
Cars Toon: Tokyo Mater,Animation,Disney
Cars Toon: Unidentified Flying Mater,Animation,Disney
Cars Toons: Bugged,Animation,Disney
Cool Runnings,Biographical,Disney
Drain Alcatraz,Documentary,Disney
Drain The Bermuda Triangle,Documentary,Disney
Drain The Great Lakes,Documentary,Disney
Drain The Ocean: WWII,Documentary,Disney
Drain The Sunken Pirate City,Documentary,Disney
Drain The Titanic,Documentary,Disney
First Class Chefs: Family Style,Family,Disney
Hacksaw,Animals & Nature,Disney
Holes,Coming of Age,Disney
Marvel 75 Years: From Pulp to Pop!,Documentary,Disney
Marvel Rising: Battle of The Bands,Action-Adventure,Disney
One Strange Rock,Animals & Nature,Disney
Out There with Jack Randall,Action-Adventure,Disney
Super Rhino,Action-Adventure,Disney
The Proud Family,Animation,Disney
The Super Hero Squad,Action-Adventure,Disney
Year Million,Docuseries,Disney
Forky Asks a Question: What is a Pet?,Animation,Disney
Star Wars: The Last Jedi (Episode VIII),Action-Adventure,Disney
Forky Asks a Question: What is a Leader?,Animation,Disney
George of the Jungle 2,Action-Adventure,Disney
High School Musical: The Musical: The Series: The Special,Coming of Age,Disney
Pick of the Litter,Animals & Nature,Disney
Togo,Action-Adventure,Disney
Forky Asks a Question: What is a Computer?,Animation,Disney
Wind,Animation,Disney
Forky Asks a Question: What is Love?,Animation,Disney
One Day at Disney (Shorts),Anthology,Disney
Marvel Studios' Thor: Ragnarok,Action-Adventure,Disney
Disney The Lion Guard,Action-Adventure,Disney
One Day at Disney,Documentary,Disney
Disney Star vs. the Forces of Evil,Action-Adventure,Disney
Expedition Amelia,Action-Adventure,Disney
Glory Road,Biographical,Disney
Henry Hugglemonster,Animation,Disney
Incredible! The Story of Dr. Pol,Animals & Nature,Disney
Marvel Rising: Chasing Ghosts,Action-Adventure,Disney
Marvel Rising: Heart of Iron,Action-Adventure,Disney
Miles From Tomorrowland,Action-Adventure,Disney
Sheriff Callie's Wild West,Animation,Disney
Supercar Megabuild,Buddy,Disney
The Incredible Dr. Pol: Blue Ribbon Kids,Animals & Nature,Disney
Coco,Animation,Disney
Coco (in Spanish),Animation,Disney
Forky Asks a Question: What is Time?,Animation,Disney
The Wonderful World of Disney Presents The Little Mermaid Live!,Concert Film,Disney
Forky Asks a Question: What is Art?,Animation,Disney
Mickey Mouse Roadster Racers,Animation,Disney
"Happy Birthday, Mickey!",Animation,Disney
Forky Asks a Question: What is a Friend?,Animation,Disney
10 Things I Hate About You,Comedy,Disney
101 Dalmatians,Action-Adventure,Disney
101 Dalmatians II: Patch's London Adventure,Action-Adventure,Disney
102 Dalmatians,Action-Adventure,Disney
12 Dates of Christmas,Comedy,Disney
"20,000 Leagues Under the Sea",Action-Adventure,Disney
A Bug's Life,Animation,Disney
A Goofy Movie,Action-Adventure,Disney
A Kid in King Arthur's Court,Action-Adventure,Disney
A Knight for a Day,Animation,Disney
A Ring of Endless Light,Coming of Age,Disney
Aladdin (1992),Action-Adventure,Disney
Aladdin and the King of Thieves,Action-Adventure,Disney
Aladdin: The Return of Jafar,Action-Adventure,Disney
Alice in Wonderland,Action-Adventure,Disney
Aliens of the Deep,Action-Adventure,Disney
Alley Cats Strike!,Coming of Age,Disney
Almost Angels,Coming of Age,Disney
America's Heart & Soul,Documentary,Disney
Amy,Drama,Disney
An Extremely Goofy Movie,Animation,Disney
Andi Mack,Comedy,Disney
Annie,Drama,Disney
Apollo: Missions To The Moon,Documentary,Disney
Atlantis Rising,Documentary,Disney
Atlantis: Milo's Return,Action-Adventure,Disney
Atlantis: The Lost Empire,Action-Adventure,Disney
Auntie Edna,Animation,Disney
Avatar,Action-Adventure,Disney
Babes in the Woods,Animation,Disney
Babes in Toyland,Family,Disney
Bambi,Animation,Disney
Bambi II,Animation,Disney
Bao,Animation,Disney
Beach Picnic,Animation,Disney
Bearly Asleep,Animation,Disney
Beauty and the Beast: Belle's Magical World,Animation,Disney
Beauty and the Beast: The Enchanted Christmas,Animation,Disney
Beezy Bear,Animation,Disney
Before the Flood,Documentary,Disney
Benji the Hunted,Action-Adventure,Disney
Best Friends Whenever,Buddy,Disney
Big City Greens (Shorts),Action-Adventure,Disney
Big Hero 6,Action-Adventure,Disney
Big Hero 6 The Series (Shorts),Action-Adventure,Disney
Bizarre Dinosaurs,Animals & Nature,Disney
Blank Check,Comedy,Disney
Boat Builders,Animation,Disney
Bolt,Action-Adventure,Disney
Bone Bandit,Animation,Disney
Bonkers,Animation,Disney
Boundin',Animation,Disney
Boy Meets World,Comedy,Disney
Brave,Animation,Disney
Brave Little Toaster to the Rescue,Action-Adventure,Disney
Breaking2,Documentary,Disney
Brink!,Coming of Age,Disney
Brother Bear,Action-Adventure,Disney
Brother Bear 2,Action-Adventure,Disney
Buffalo Dreams,Buddy,Disney
Bug Juice: My Adventures at Camp,Coming of Age,Disney
BURN-E,Animation,Disney
Cadet Kelly,Comedy,Disney
Camp Nowhere,Comedy,Disney
Camp Rock,Coming of Age,Disney
Camp Rock 2: The Final Jam,Coming of Age,Disney
Can of Worms,Comedy,Disney
Candleshoe,Comedy,Disney
Canine Caddy,Animation,Disney
Cars,Animation,Disney
Cars 2,Animation,Disney
Cars 3,Animation,Disney
Cars Toon: Air Mater,Animation,Disney
Cars Toon: Heavy Metal Mater,Animation,Disney
Cars Toon: Hiccups,Animation,Disney
Cars Toon: Mater Private Eye,Animation,Disney
Cars Toon: Mater the Greater,Animation,Disney
Cars Toon: Monster Truck Mater,Animation,Disney
Cars Toon: The Radiator Springs 500 1/2,Animation,Disney
Casebusters,Drama,Disney
Cheetah,Action-Adventure,Disney
Chef Donald,Animation,Disney
Chicken Little,Animation,Disney
Chip 'n Dale's Rescue Rangers,Action-Adventure,Disney
Chip an' Dale,Animation,Disney
Cinderella,Animation,Disney
Cinderella II: Dreams Come True,Animation,Disney
Cinderella III: A Twist in Time,Animation,Disney
Clock Cleaners,Animation,Disney
Cloud 9,Sports,Disney
College Road Trip,Comedy,Disney
Confessions of a Teenage Drama Queen,Comedy,Disney
Coop & Cami Ask The World (Shorts),Comedy,Disney
Corn Chips,Animation,Disney
Cow Belles,Comedy,Disney
Crash & Bernstein,Comedy,Disney
Dadnapped,Comedy,Disney
Darby O'Gill and the Little People,Family,Disney
Darkwing Duck,Action-Adventure,Disney
Davy Crockett and the River Pirates,Action-Adventure,Disney
"Davy Crockett, King of the Wild Frontier",Action-Adventure,Disney
Day & Night,Animation,Disney
Decorating Disney: Holiday Magic,Documentary,Disney
Deep Blue,Animals & Nature,Disney
Descendants 2,Coming of Age,Disney
Diary Of A Wimpy Kid,Comedy,Disney
Dinosaur,Action-Adventure,Disney
Disney Adventures in Babysitting,Action-Adventure,Disney
Disney Avalon High,Coming of Age,Disney
Disney Bad Hair Day,Buddy,Disney
Disney Bizaardvark,Buddy,Disney
Disney Den Brother,Comedy,Disney
Disney Descendants,Coming of Age,Disney
Disney Descendants Wicked World (Shorts),Animation,Disney
Disney DuckTales (Shorts),Action-Adventure,Disney
Disney Evermoor,Series,Disney
Disney Family Sundays,Anthology,Disney
Disney Fast Layne,Action-Adventure,Disney
Disney Girl vs. Monster,Action-Adventure,Disney
Disney Gravity Falls,Action-Adventure,Disney
Disney Gravity Falls (Shorts),Animation,Disney
Disney Jake and the Never Land Pirates,Action-Adventure,Disney
Disney JONAS,Comedy,Disney
Disney Junior Music Nursery Rhymes,Animation,Disney
Disney K.C. Undercover,Action-Adventure,Disney
Disney Lab Rats: Elite Force,Action-Adventure,Disney
Disney Legend of the Three Caballeros,Action-Adventure,Disney
Disney Mickey Mouse Clubhouse,Animation,Disney
Disney Milo Murphy's Law,Action-Adventure,Disney
Disney Minnie's Bow-Toons (Shorts),Animation,Disney
Disney Stuck In The Middle,Comedy,Disney
Disney Take Two With Phineas And Ferb (Shorts),Animation,Disney
Disney Tangled: The Series - Short Cuts,Action-Adventure,Disney
Disney Under The Sea: A Descendants Short Story,Fantasy,Disney
Disney's Adventures Of The Gummi Bears,Action-Adventure,Disney
Disney's Doug,Animation,Disney
Disney's Fairy Tale Weddings,Family,Disney
Disney's Fairy Tale Weddings: Holiday Magic,Family,Disney
Disney's Hercules: The Animated Series,Action-Adventure,Disney
Disney's Kim Possible,Action-Adventure,Disney
Disney's Little Einsteins,Action-Adventure,Disney
Disney's Mighty Ducks,Action-Adventure,Disney
Disney's Recess,Animation,Disney
Disney's The Emperor's New School,Animation,Disney
Disney's The Kid,Comedy,Disney
Disney's The Little Mermaid (Series),Action-Adventure,Disney
Disneyland Around the Seasons (Walt Disney's Wonderful World of Color: 1961-69),Documentary,Disney
Disneynature African Cats,Animals & Nature,Disney
Disneynature Bears,Animals & Nature,Disney
Disneynature Born in China,Animals & Nature,Disney
Disneynature Chimpanzee,Animals & Nature,Disney
Disneynature Crimson Wing,Animals & Nature,Disney
Disneynature Monkey Kingdom,Animals & Nature,Disney
Disneynature Wings of Life,Animals & Nature,Disney
Dog Whisperer with Cesar Millan,Animals & Nature,Disney
Don't Look Under the Bed,Coming of Age,Disney
Donald's Golf Game,Animation,Disney
Donald's Tire Trouble,Animation,Disney
Double Teamed,Biographical,Disney
Doug's 1st Movie,Animation,Disney
"Dr. T, Lone Star Vet",Docuseries,Disney
DuckTales The Movie: Treasure of the Lost Lamp,Action-Adventure,Disney
Dug's Special Mission,Animation,Disney
Dumbo,Action-Adventure,Disney
Early to Bed,Animation,Disney
Earth Live,Animals & Nature,Disney
Easter Island Unsolved,Documentary,Disney
Eddie's Million Dollar Cook-off,Comedy,Disney
Eight Below,Action-Adventure,Disney
Elena of Avalor (Shorts),Action-Adventure,Disney
Emil and the Detectives,Action-Adventure,Disney
Empire of Dreams: The Story of the Star Wars Trilogy,Documentary,Disney
Encore!,Music,Disney
Escape to Witch Mountain,Action-Adventure,Disney
Even Stevens,Comedy,Disney
Expedition Mars: Spirit & Opportunity,Documentary,Disney
Fantasia,Animation,Disney
Fantasia 2000,Animation,Disney
Fantastic Four (Series),Action-Adventure,Disney
Fantastic Four: World's Greatest Heroes,Action-Adventure,Disney
Ferdinand the Bull,Animation,Disney
Finding Dory,Action-Adventure,Disney
Finding Nemo,Action-Adventure,Disney
First Kid,Buddy,Disney
Flight of the Navigator,Action-Adventure,Disney
Float,Animation,Disney
Flowers and Trees,Animation,Disney
Flubber,Comedy,Disney
Food for Feudin',Animation,Disney
For the Birds,Animation,Disney
Forky Asks a Question: What is Money?,Animation,Disney
Frank and Ollie,Biographical,Disney
Frankenweenie (Short),Drama,Disney
Freaky Friday,Comedy,Disney
Free Solo,Action-Adventure,Disney
Frenemies,Anthology,Disney
Frozen,Animation,Disney
Full-Court Miracle,Coming of Age,Disney
Fun and Fancy Free,Action-Adventure,Disney
Fuzzbucket,Buddy,Disney
Gargoyles,Action-Adventure,Disney
Geek Charming,Comedy,Disney
Genius,Comedy,Disney
George & A.J.,Animation,Disney
Geri's Game,Animation,Disney
Get a Clue,Drama,Disney
Giants of the Deep Blue,Animals & Nature,Disney
Girl Meets World,Comedy,Disney
Go Figure,Coming of Age,Disney
Going to the Mat,Coming of Age,Disney
Good Luck Charlie,Comedy,Disney
"Good Luck Charlie, It's Christmas!",Comedy,Disney
Goof Troop,Animation,Disney
Gotta Kick it Up,Coming of Age,Disney
Grand Canyonscope,Animation,Disney
Grasshopper and the Ants,Animation,Disney
Great Migrations,Animals & Nature,Disney
Greyfriars Bobby,Animals & Nature,Disney
Gus,Animals & Nature,Disney
Halloweentown,Action-Adventure,Disney
Halloweentown High,Action-Adventure,Disney
Halloweentown II: Kalabar's Revenge,Action-Adventure,Disney
Handy Manny,Animation,Disney
Hannah Montana,Comedy,Disney
Hannah Montana and Miley Cyrus: Best of Both Worlds Concert,Concert Film,Disney
Hannah Montana The Movie,Comedy,Disney
Hatching Pete,Comedy,Disney
Hawaiian Holiday,Animation,Disney
Heavyweights,Comedy,Disney
Herbie Goes Bananas,Action-Adventure,Disney
Herbie Goes to Monte Carlo,Action-Adventure,Disney
Herbie Rides Again,Comedy,Disney
Hercules,Action-Adventure,Disney
High School Musical,Coming of Age,Disney
High School Musical 2,Coming of Age,Disney
High School Musical 3: Senior Year,Coming of Age,Disney
High School Musical: The Musical: The Series,Comedy,Disney
Hocus Pocus,Comedy,Disney
Home on the Range,Animation,Disney
"Honey, I Blew Up the Kid",Comedy,Disney
"Honey, I Shrunk the Kids",Action-Adventure,Disney
"Honey, We Shrunk Ourselves",Action-Adventure,Disney
Horse Sense,Coming of Age,Disney
Hostile Planet,Animals & Nature,Disney
Hounded,Animals & Nature,Disney
How Dogs Got Their Shapes,Animals & Nature,Disney
How to Build a Better Boy,Action-Adventure,Disney
How to Fish,Animation,Disney
How to Swim,Animation,Disney
Hulk and the Agents of S.M.A.S.H.,Action-Adventure,Disney
I'll Be Home for Christmas,Action-Adventure,Disney
Ice Age: The Great Egg-Scapade,Animation,Disney
Ice Princess,Coming of Age,Disney
Inner Workings,Animation,Disney
Inside Out,Animation,Disney
Inspector Gadget,Action-Adventure,Disney
Inspector Gadget 2,Action-Adventure,Disney
Into the Grand Canyon,Action-Adventure,Disney
Into the Okavango,Action-Adventure,Disney
Invincible,Biographical,Disney
Invisible Sister,Comedy,Disney
Iron Man (Series),Action-Adventure,Disney
Iron Man Armored Adventures,Action-Adventure,Disney
Iron Will,Action-Adventure,Disney
Jack,Comedy,Disney
Jack-Jack Attack,Animation,Disney
James and the Giant Peach,Action-Adventure,Disney
Jane,Animals & Nature,Disney
Jessie,Comedy,Disney
Jingle Pols,Animals & Nature,Disney
Johnny Kapahala: Back on Board,Coming of Age,Disney
Johnny Tsunami,Coming of Age,Disney
Jonas Brothers: The Concert Experience,Concert Film,Disney
Journey to Shark Eden,Action-Adventure,Disney
Journey to the Center of the Earth,Action-Adventure,Disney
Jump In!,Coming of Age,Disney
Jumping Ship,Action-Adventure,Disney
Jungle 2 Jungle,Comedy,Disney
Jungle Cat,Animals & Nature,Disney
Kazaam,Action-Adventure,Disney
Kickin' It,Action-Adventure,Disney
Kim Possible,Action-Adventure,Disney
Kim Possible Movie: So the Drama,Action-Adventure,Disney
Kingdom of the Apes: Battle Lines,Animals & Nature,Disney
Kingdom of the Blue Whale,Animals & Nature,Disney
Kingdom of the White Wolf,Action-Adventure,Disney
Kitbull,Animation,Disney
Knick Knack Theatrical Short,Animation,Disney
Kronk's New Groove,Animation,Disney
La Luna,Animation,Disney
Lab Rats,Action-Adventure,Disney
Lady and the Tramp,Action-Adventure,Disney
Lava,Animation,Disney
LEGO Disney Frozen: Northern Lights (Shorts),Action-Adventure,Disney
LEGO Star Wars: All Stars,Action-Adventure,Disney
LEGO Star Wars: All Stars (Shorts),Action-Adventure,Disney
LEGO Star Wars: Droid Tales,Action-Adventure,Disney
LEGO Star Wars: Resistance Rises (Shorts),Action-Adventure,Disney
LEGO Star Wars: The Freemaker Adventures,Action-Adventure,Disney
LEGO Star Wars: The Freemaker Adventures (Shorts),Action-Adventure,Disney
LEGO Star Wars: The New Yoda Chronicles - Clash of the Skywalkers,Action-Adventure,Disney
LEGO Star Wars: The New Yoda Chronicles - Raid on Coruscant,Action-Adventure,Disney
LEGO Star Wars: The New Yoda Chronicles – Duel of the Skywalkers,Action-Adventure,Disney
LEGO Star Wars: The New Yoda Chronicles – Escape from the Jedi Temple,Action-Adventure,Disney
LEGO Star Wars: The New Yoda Chronicles – Race for the Holocrons,Action-Adventure,Disney
Lemonade Mouth,Coming of Age,Disney
Lend a Paw,Animation,Disney
Leroy & Stitch,Action-Adventure,Disney
Let it Shine,Coming of Age,Disney
Life is Ruff,Animals & Nature,Disney
Life With Mikey,Buddy,Disney
Life-Size 2,Comedy,Disney
Lifted,Animation,Disney
Lilo & Stitch,Action-Adventure,Disney
Lilo & Stitch 2: Stitch Has a Glitch,Animation,Disney
Lizzie McGuire,Comedy,Disney
Lonesome Ghosts,Animation,Disney
Lost Treasures of the Maya,Docuseries,Disney
Lou,Action-Adventure,Disney
Luck of the Irish,Comedy,Disney
Luxo Jr.,Animation,Disney
Magician Mickey,Animation,Disney
Mail Dog,Animation,Disney
Man Among Cheetahs,Animals & Nature,Disney
Mars: Inside SpaceX,Documentary,Disney
Marvel Comics X-Men,Action-Adventure,Disney
Marvel Rising: Initiation (Shorts),Action-Adventure,Disney
Marvel Rising: Secret Warriors,Action-Adventure,Disney
Marvel Studios: Assembling A Universe,Action-Adventure,Disney
Marvel Studios: Expanding the Universe,Documentary,Disney
Marvel Studios' Ant-Man,Action-Adventure,Disney
Marvel Studios' Avengers: Age of Ultron,Action-Adventure,Disney
Marvel Studios' Avengers: Endgame,Action-Adventure,Disney
Marvel Studios' Captain America: Civil War,Action-Adventure,Disney
Marvel Studios' Captain America: The First Avenger,Action-Adventure,Disney
Marvel Studios' Captain America: The Winter Soldier,Action-Adventure,Disney
Marvel Studios' Captain Marvel,Action-Adventure,Disney
Marvel Studios' Doctor Strange,Action-Adventure,Disney
Marvel Studios' Guardians of the Galaxy,Action-Adventure,Disney
Marvel Studios' Guardians of the Galaxy Vol. 2,Action-Adventure,Disney
Marvel Studios' Iron Man,Action-Adventure,Disney
Marvel Studios' Iron Man 2,Action-Adventure,Disney
Marvel Studios' Iron Man 3,Action-Adventure,Disney
Marvel Studios' The Avengers,Action-Adventure,Disney
Marvel Studios' Thor,Action-Adventure,Disney
Marvel Studios' Thor: The Dark World,Action-Adventure,Disney
Marvel Ultimate Spider-Man,Action-Adventure,Disney
Marvel's Agent Carter,Action-Adventure,Disney
Marvel's Ant-Man (Shorts),Action-Adventure,Disney
Marvel's Avengers Assemble,Action-Adventure,Disney
Marvel's Avengers: Secret Wars (Shorts),Action-Adventure,Disney
Marvel's Guardians of the Galaxy (Series),Action-Adventure,Disney
Marvel's Guardians of the Galaxy (Shorts),Action-Adventure,Disney
Marvel's Hero Project,Docuseries,Disney
Marvel's Inhumans,Action-Adventure,Disney
Marvel's Rocket & Groot (Shorts),Action-Adventure,Disney
Marvel's Ultimate Comics,Action-Adventure,Disney
Mary Poppins,Family,Disney
Mater and the Ghostlight,Animation,Disney
Meet the Deedles,Buddy,Disney
Meet the Robinsons,Action-Adventure,Disney
Melody Time,Animation,Disney
Mickey Down Under,Animation,Disney
Mickey Mouse (Shorts),Animation,Disney
Mickey Mouse Club (1955-59),Family,Disney
"Mickey, Donald, Goofy: The Three Musketeers",Action-Adventure,Disney
Mickey's Birthday Party,Animation,Disney
Mickey's Christmas Carol,Animation,Disney
Mickey's Delayed Date,Animation,Disney
Mickey's Once Upon a Christmas,Animation,Disney
Mickey's Rival,Animation,Disney
Mickey's Trailer,Animation,Disney
Mickey's Twice Upon a Christmas,Animation,Disney
Mighty Joe Young,Action-Adventure,Disney
Mike's New Car,Animation,Disney
Minutemen,Action-Adventure,Disney
Miracle,Drama,Disney
Miracle at Midnight,Drama,Disney
Miracle in Lane 2,Biographical,Disney
Miracle Landing on the Hudson,Action-Adventure,Disney
Mission to the Sun,Documentary,Disney
Moana,Action-Adventure,Disney
Mom's Got a Date With a Vampire,Comedy,Disney
Monsters University,Animation,Disney
"Monsters, Inc.",Animation,Disney
Motocrossed,Drama,Disney
Mr. Boogedy,Comedy,Disney
Mr. Duck Steps Out,Animation,Disney
Mr. Mouse Takes a Trip,Animation,Disney
Mulan II,Action-Adventure,Disney
Muppet Moments (Shorts),Anthology,Disney
Muppet Treasure Island,Action-Adventure,Disney
Muppets Most Wanted,Action-Adventure,Disney
My Favorite Martian,Comedy,Disney
My Friends Tigger & Pooh,Animation,Disney
National Treasure: Book of Secrets,Action-Adventure,Disney
Newsies,Coming of Age,Disney
Newsies: The Broadway Musical,Coming of Age,Disney
Noelle,Comedy,Disney
Now You See It,Coming of Age,Disney
Olaf's Frozen Adventure,Animation,Disney
Old Yeller,Animals & Nature,Disney
Oliver & Company,Action-Adventure,Disney
Once Upon a Mattress,Comedy,Disney
One Magic Christmas,Drama,Disney
One Man Band,Animation,Disney
Operation Dumbo Drop,Action-Adventure,Disney
Origins: The Journey of Humankind,Docuseries,Disney
Out of the Box,Kids,Disney
Paris To Pittsburgh,Documentary,Disney
Partly Cloudy,Animation,Disney
Party Central,Animation,Disney
Perri,Animals & Nature,Disney
Pete's Dragon,Action-Adventure,Disney
Peter Pan,Action-Adventure,Disney
Peter Pan: Return to Never Land,Action-Adventure,Disney
Phantom of the Megaplex,Comedy,Disney
Phil of the Future,Comedy,Disney
Phineas and Ferb,Action-Adventure,Disney
Phineas and Ferb the Movie: Across the 2nd Dimension,Action-Adventure,Disney
Phineas and Ferb: Mission Marvel,Action-Adventure,Disney
Piglet's Big Movie,Action-Adventure,Disney
Pinocchio,Animation,Disney
Piper,Animals & Nature,Disney
Pirates of the Caribbean: At World's End,Action-Adventure,Disney
Pirates of the Caribbean: Dead Man's Chest,Action-Adventure,Disney
Pirates of the Caribbean: The Curse of the Black Pearl,Action-Adventure,Disney
Pixar In Real Life,Anthology,Disney
Pixel Perfect,Comedy,Disney
Planet of the Birds,Animals & Nature,Disney
Pluto and the Gopher,Animation,Disney
Pluto's Christmas Tree,Animation,Disney
Pluto's Surprise Package,Animation,Disney
Pluto's Sweater,Animation,Disney
Pocahontas,Action-Adventure,Disney
Pocahontas II: Journey to a New World,Action-Adventure,Disney
Pollyanna,Coming of Age,Disney
Pooh's Grand Adventure: The Search for Christopher Robin,Action-Adventure,Disney
Pooh's Heffalump Movie,Action-Adventure,Disney
Presto,Animation,Disney
Princess Protection Program,Buddy,Disney
Purl,Animation,Disney
Quack Pack,Action-Adventure,Disney
Queen of Katwe,Biographical,Disney
Quints,Comedy,Disney
Ratatouille,Animation,Disney
Read It and Weep,Comedy,Disney
Ready to Run,Animals & Nature,Disney
Recess: All Growed Down,Animation,Disney
Recess: School's Out,Animation,Disney
Recess: Taking the 5th Grade,Animation,Disney
Red's Dream,Animation,Disney
Remember the Titans,Drama,Disney
Rescue Dog,Animation,Disney
Return from Witch Mountain,Action-Adventure,Disney
Return to Halloweentown,Family,Disney
Return to Oz,Action-Adventure,Disney
Richie Rich's Christmas Wish,Action-Adventure,Disney
Right on Track,Buddy,Disney
Riley’s First Date?,Animation,Disney
Rip Girls,Coming of Age,Disney
Robin Hood,Action-Adventure,Disney
Rocky Mountain Animal Rescue,Animals & Nature,Disney
Rogue One: A Star Wars Story,Action-Adventure,Disney
Roving Mars,Documentary,Disney
Ruby Bridges,Biographical,Disney
Sacred Planet,Animals & Nature,Disney
Saludos Amigos,Animation,Disney
"Sammy, The Way-Out Seal",Animals & Nature,Disney
Sanjay's Super Team,Action-Adventure,Disney
Santa Paws 2: The Santa Pups,Fantasy,Disney
Santa's Workshop,Animation,Disney
Saving Mr. Banks,Biographical,Disney
Science Fair,Documentary,Disney
Sea of Hope: America's Underwater Treasures,Action-Adventure,Disney
Secret of The Wings,Animation,Disney
Secretariat,Animals & Nature,Disney
Secrets of Christ's Tomb: Explorer Special,Documentary,Disney
Secrets of Life,Animals & Nature,Disney
Secrets of the King Cobra,Animals & Nature,Disney
Shake It Up,Buddy,Disney
Sharks of Lost Island,Action-Adventure,Disney
Sharpay's Fabulous Adventure,Comedy,Disney
Shipwrecked,Action-Adventure,Disney
Silver Surfer,Action-Adventure,Disney
Simpsons Movie,Action-Adventure,Disney
Sister Act,Comedy,Disney
Sister Act 2: Back in the Habit,Comedy,Disney
Skyrunners,Action-Adventure,Disney
Sleeping Beauty,Animation,Disney
Smart House,Comedy,Disney
Smash and Grab,Animation,Disney
Snow White and The Seven Dwarfs,Animation,Disney
Snowball Express,Comedy,Disney
Snowglobe,Comedy,Disney
So Weird,Fantasy,Disney
Society Dog Show,Animation,Disney
Spider-Man (Shorts),Action-Adventure,Disney
Spider-Man and His Amazing Friends,Action-Adventure,Disney
Spider-Man Unlimited,Action-Adventure,Disney
Spider-Woman,Action-Adventure,Disney
Star Wars Forces of Destiny (Shorts),Action-Adventure,Disney
Star Wars Rebels,Action-Adventure,Disney
Star Wars Rebels (Shorts),Action-Adventure,Disney
Star Wars: A New Hope (Episode IV),Action-Adventure,Disney
Star Wars: Attack of the Clones (Episode II),Action-Adventure,Disney
Star Wars: Blips,Series,Disney
Star Wars: Return of the Jedi (Episode VI),Action-Adventure,Disney
Star Wars: Revenge of the Sith (Episode III),Action-Adventure,Disney
Star Wars: The Empire Strikes Back (Episode V),Action-Adventure,Disney
Star Wars: The Force Awakens (Episode VII),Action-Adventure,Disney
Star Wars: The Phantom Menace (Episode I),Action-Adventure,Disney
Starstruck,Comedy,Disney
Steamboat Willie,Animation,Disney
Stepsister from Planet Weird,Comedy,Disney
Stitch! The Movie,Animation,Disney
Stonehenge Decoded: Secrets Revealed,Documentary,Disney
Stuck in the Suburbs,Comedy,Disney
Sultan and the Rock Star,Action-Adventure,Disney
Super Buddies,Action-Adventure,Disney
Swiss Family Robinson,Action-Adventure,Disney
TaleSpin,Action-Adventure,Disney
Tall Tale,Action-Adventure,Disney
Tangled,Action-Adventure,Disney
Tangled Before Ever After,Animation,Disney
Tarzan & Jane,Action-Adventure,Disney
Teacher's Pet,Animation,Disney
Teen Beach 2,Fantasy,Disney
Teen Beach Movie,Coming of Age,Disney
Teen Spirit,Buddy,Disney
That Darn Cat,Animals & Nature,Disney
That Darn Cat!,Animals & Nature,Disney
The Absent-Minded Professor,Comedy,Disney
The Adventures of André & Wally B.,Animation,Disney
The Adventures of Bullwhip Griffin,Action-Adventure,Disney
The Adventures of Huck Finn,Action-Adventure,Disney
The Adventures of Ichabod and Mr. Toad,Action-Adventure,Disney
The Adventures of Spin and Marty,Buddy,Disney
The African Lion,Animals & Nature,Disney
The Apple Dumpling Gang,Comedy,Disney
The Apple Dumpling Gang Rides Again,Comedy,Disney
The Aristocats,Action-Adventure,Disney
The Art of Skiing,Animation,Disney
The Avengers: Earth's Mightiest Heroes,Action-Adventure,Disney
The Avengers: United They Stand,Action-Adventure,Disney
The Band Concert,Animation,Disney
The Bears and I,Animals & Nature,Disney
The Big Bad Wolf,Animation,Disney
The Biscuit Eater,Animals & Nature,Disney
The Black Cauldron,Action-Adventure,Disney
The Black Hole,Action-Adventure,Disney
The Blue Umbrella,Animation,Disney
The Book of Once Upon a Time,Animation,Disney
The Book of Pooh,Comedy,Disney
The Brave Little Toaster Goes to Mars,Action-Adventure,Disney
The Castaway Cowboy,Action-Adventure,Disney
The Cheetah Girls,Coming of Age,Disney
The Cheetah Girls 2,Coming of Age,Disney
The Cheetah Girls: One World,Comedy,Disney
The Christmas Star,Crime,Disney
The Chronicles of Narnia: Prince Caspian,Action-Adventure,Disney
"The Chronicles of Narnia: The Lion, the Witch and the Wardrobe",Action-Adventure,Disney
The Color of Friendship,Biographical,Disney
The Computer Wore Tennis Shoes,Comedy,Disney
The Country Bears,Comedy,Disney
The Emperor's New Groove,Action-Adventure,Disney
The Even Stevens Movie,Action-Adventure,Disney
The Flood,Animals & Nature,Disney
The Fox and the Hound,Action-Adventure,Disney
The Fox and the Hound 2,Action-Adventure,Disney
The Game Plan,Comedy,Disney
The Ghosts of Buxley Hall,Comedy,Disney
The Goddess of Spring,Animation,Disney
The Golden Touch,Animation,Disney
The Good Dinosaur,Action-Adventure,Disney
The Great Muppet Caper,Comedy,Disney
The Greatest Game Ever Played,Biographical,Disney
The Haunted Mansion,Comedy,Disney
The Hockey Champ,Animation,Disney
The Hunchback of Notre Dame,Action-Adventure,Disney
The Hunchback of Notre Dame II,Action-Adventure,Disney
The Imagineering Story,Docuseries,Disney
The Incredible Journey,Action-Adventure,Disney
The Incredibles,Action-Adventure,Disney
The Journey of Natty Gann,Action-Adventure,Disney
The Jungle Book 2,Action-Adventure,Disney
The Jungle Book: Mowgli's Story,Action-Adventure,Disney
The Legend of Mor'du,Animation,Disney
The Lion King 1 1/2,Action-Adventure,Disney
The Lion King 2: Simba's Pride,Action-Adventure,Disney
The Little Mermaid,Animation,Disney
The Little Mermaid II:  Return to the Sea,Animation,Disney
The Little Mermaid:  Ariel's Beginning,Animation,Disney
The Little Whirlwind,Animation,Disney
The Living Desert,Animals & Nature,Disney
The Lizzie McGuire Movie,Comedy,Disney
The Lost Tomb of Alexander the Great,Documentary,Disney
The Love Bug (1969),Action-Adventure,Disney
The Many Adventures of Winnie the Pooh,Animation,Disney
The Million Dollar Duck,Comedy,Disney
The Mistle-Tones,Drama,Disney
The Muppet Christmas Carol,Comedy,Disney
The Muppet Movie,Action-Adventure,Disney
The Muppets,Comedy,Disney
The Muppets (Series),Comedy,Disney
The New Adventures of Winnie the Pooh,Animation,Disney
The Old Mill,Action-Adventure,Disney
The Olympic Champ,Animation,Disney
The Parent Trap,Comedy,Disney
The Parent Trap (1961),Comedy,Disney
The Pied Piper,Animation,Disney
The Plausible Impossible (Disneyland: 1954-58),Documentary,Disney
The Poof Point,Comedy,Disney
The Prince and the Pauper,Action-Adventure,Disney
The Princess and the Frog,Animation,Disney
The Princess Diaries,Comedy,Disney
The Princess Diaries 2: Royal Engagement,Comedy,Disney
The Proud Family Movie,Animation,Disney
The Reluctant Dragon,Animation,Disney
The Replacements,Animation,Disney
The Rescuers,Action-Adventure,Disney
The Rescuers Down Under,Action-Adventure,Disney
The Rookie,Biographical,Disney
The Santa Clause,Comedy,Disney
The Santa Clause 2,Comedy,Disney
The Santa Clause 3: The Escape Clause,Comedy,Disney
The Scream Team,Comedy,Disney
The Secret of the Magic Gourd,Fantasy,Disney
The Shaggy D.A.,Comedy,Disney
The Shaggy Dog,Comedy,Disney
The Sign of Zorro,Action-Adventure,Disney
The Simple Things,Animation,Disney
The Sound of Music,Biographical,Disney
The Story of Robin Hood And His Merrie Men,Action-Adventure,Disney
The Strongest Man in the World,Comedy,Disney
The Suite Life Movie,Comedy,Disney
The Suite Life of Zack & Cody,Action-Adventure,Disney
The Suite Life On Deck,Action-Adventure,Disney
The Swap,Comedy,Disney
The Thirteenth Year,Coming of Age,Disney
The Three Caballeros,Animation,Disney
The Three Musketeers,Action-Adventure,Disney
The Tigger Movie,Action-Adventure,Disney
The Tortoise and the Hare,Animation,Disney
The Ugly Dachshund,Animals & Nature,Disney
The Ugly Duckling,Animation,Disney
The Ultimate Christmas Present,Comedy,Disney
The Vanishing Prairie,Animals & Nature,Disney
The Wild,Action-Adventure,Disney
The Wise Little Hen,Animation,Disney
The Wizards Return: Alex vs. Alex,Comedy,Disney
The World According to Jeff Goldblum,Docuseries,Disney
The Young Black Stallion,Action-Adventure,Disney
Three Blind Mouseketeers,Animation,Disney
Three Days,Drama,Disney
Three Little Pigs,Animation,Disney
Three Little Wolves,Animation,Disney
Three Men and a Baby,Buddy,Disney
Three Men and a Little Lady,Buddy,Disney
Thru the Mirror,Animation,Disney
Tiger Cruise,Drama,Disney
Tim Burton’s The Nightmare Before Christmas,Animation,Disney
Timon & Pumbaa,Animation,Disney
Tin Toy,Animation,Disney
Tinker Bell,Action-Adventure,Disney
Tinker Bell and the Great Fairy Rescue,Action-Adventure,Disney
Tinker Bell and the Lost Treasure,Action-Adventure,Disney
Titanic: 20 Years Later With James Cameron,Documentary,Disney
Toby Tortoise Returns,Animation,Disney
Tom and Huck,Action-Adventure,Disney
Toy Story,Action-Adventure,Disney
Toy Story 2,Action-Adventure,Disney
Toy Story 3,Animation,Disney
Toy Story Toons: Hawaiian Vacation,Animation,Disney
Toy Story Toons: Partysaurus Rex,Animation,Disney
Toy Story Toons: Small Fry,Animation,Disney
Trail of the Panda,Action-Adventure,Disney
Trailer Horn,Animation,Disney
Treasure Island,Action-Adventure,Disney
Treasure of Matecumbe,Action-Adventure,Disney
Treasure Planet,Action-Adventure,Disney
Tree Climbing Lions,Animals & Nature,Disney
Tron,Action-Adventure,Disney
Tru Confessions,Coming of Age,Disney
Tuck Everlasting,Coming of Age,Disney
Tugboat Mickey,Animation,Disney
Twas the Night,Comedy,Disney
Twitches,Comedy,Disney
Twitches Too,Comedy,Disney
Unidentified Flying Oddball,Action-Adventure,Disney
Up,Action-Adventure,Disney
"Up, Up and Away",Comedy,Disney
Valiant,Action-Adventure,Disney
Waking Sleeping Beauty,Documentary,Disney
WALL-E,Action-Adventure,Disney
Wendy Wu: Homecoming Warrior,Action-Adventure,Disney
Whispers: An Elephant's Tale,Action-Adventure,Disney
White Fang,Action-Adventure,Disney
Who Framed Roger Rabbit,Action-Adventure,Disney
Wild Yellowstone,Animals & Nature,Disney
Winged Seduction: Birds of Paradise,Action-Adventure,Disney
Winnie the Pooh,Animation,Disney
Winnie the Pooh: A Very Merry Pooh Year,Animation,Disney
Winnie the Pooh: Springtime with Roo,Animation,Disney
Winter Storage,Animation,Disney
Wizards of Waverly Place,Comedy,Disney
Wizards of Waverly Place: The Movie,Action-Adventure,Disney
Wolverine and The X-Men,Action-Adventure,Disney
World's Greatest Dogs,Animals & Nature,Disney
Wreck-It Ralph,Action-Adventure,Disney
X-Men: Evolution,Action-Adventure,Disney
Ye Olden Days,Animation,Disney
Yellowstone Cubs,Animals & Nature,Disney
You Lucky Dog,Comedy,Disney
You Wish!,Coming of Age,Disney
Your Friend the Rat,Animation,Disney
Z-O-M-B-I-E-S,Coming of Age,Disney
Zapped,Comedy,Disney
Zenon: Girl of the 21st Century,Comedy,Disney
Zenon: The Zequel,Comedy,Disney
Zenon: Z3,Comedy,Disney
Zootopia,Animation,Disney
Bedknobs and Broomsticks,Comedy,Disney
Blackbeard's Ghost,Comedy,Disney
Brave Little Tailor,Action-Adventure,Disney
Justin Morgan had a Horse,Animals & Nature,Disney
Lady and the Tramp II: Scamp's Adventure,Action-Adventure,Disney
Smart Guy,Comedy,Disney
The Cat from Outer Space,Comedy,Disney
The Great Mouse Detective,Animation,Disney
The Sword in the Stone,Action-Adventure,Disney
Those Calloways,Animals & Nature,Disney
Disney Kirby Buckets,Action-Adventure,Disney
Disney Mech-X4,Action-Adventure,Disney
Imagination Movers,Kids,Disney
Tomorrowland,Action-Adventure,Disney
Aquamarine,Comedy,Disney
Ice Age: Dawn Of The Dinosaurs,Animation,Disney
X-Men Origins: Wolverine,Action-Adventure,Disney
Night at the Museum: Battle of the Smithsonian,Action-Adventure,Disney
Eddie the Eagle,Biographical,Disney
Bend It Like Beckham,Buddy,Disney
Captain Sparky vs. The Flying Saucers,Action-Adventure,Disney
