type,title
Movie,Duck the Halls: A Mickey Mouse Christmas Special
Movie,Ernest Saves Christmas
Movie,Ice Age: A Mammoth Christmas
Movie,The Queen Family Singalong
TV Show,The Beatles: Get Back
Movie,Becoming Cousteau
TV Show,Hawkeye
TV Show,Port Protection Alaska
TV Show,Secrets of the Zoo: Tampa
Movie,A Muppets Christmas: Letters To Santa
Movie,Adventure Thru the Walt Disney Archives
Movie,Puppy for Hanukkah
Movie,The Pixar Story
TV Show,"Dr. Oakley, Yukon Vet"
Movie,America the Beautiful
Movie,Baymax!
Movie,Ciao Alberto
TV Show,Disney Fancy Nancy
TV Show,Disney Intertwined
Movie,Enchanted
Movie,Feast
Movie,Frozen Fever
Movie,Get a Horse!
Movie,Home Sweet Home Alone
Movie,Jungle Cruise
Movie,Limitless with Chris Hemsworth
Movie,Marvel Studios’ 2021 Disney+ Day Special
Movie,Obi-Wan Kenobi
TV Show,Olaf Presents
Movie,Paperman
Movie,Pixar 2021 Disney+ Day Special
Movie,Shang-Chi and The Legend of The Ten Rings
Movie,Spin
Movie,Tangled Ever After
Movie,The Ballad of Nessie
Movie,The Little Matchgirl
Movie,The Making of Happier Than Ever: A Love Letter to Los Angeles
Movie,The Proud Family: Louder and Prouder
Movie,The Simpsons in Plusaversary
Movie,Tick Tock Tale
Movie,Under the Helmet: The Legacy of Boba Fett
Movie,Willow
Movie,Alvin and the Chipmunks: Chipwrecked
Movie,Jingle All The Way
Movie,Jingle All the Way 2
Movie,Prep & Landing: Operation Secret Santa
Movie,Santa Buddies: The Legend of Santa Paws
Movie,Snow Buddies
Movie,Space Buddies
Movie,The Search for Santa Paws
Movie,X-Men: First Class
TV Show,Disney Amphibia
TV Show,Photo Ark
TV Show,Storm Rising
Movie,Bob Ballard: An Explorer's Life
Movie,"McFarland, USA"
Movie,Rookie of the Year
Movie,Thumbelina
TV Show,PJ Masks
TV Show,The Wild Life of Dr. Ole
Movie,Lost Cities with Albert Lin: The Great Flood
Movie,Megacity of the Maya Warriors
TV Show,Apollo: Back To The Moon
TV Show,Just Beyond
TV Show,Secrets Of The Zoo: Down Under
TV Show,Secrets of the Zoo: North Carolina
TV Show,The Wizard of Paws
TV Show,Zombies: Addison's Moonstone Mystery
Movie,Just Roll With It: You Decide Live!
Movie,Mickey's Tale of Two Witches
Movie,Muppets Haunted Mansion
Movie,The Most Magical Story on Earth: 50 Years of Walt Disney World
Movie,Under Wraps
TV Show,Among the Stars
Movie,Black Widow
TV Show,Drain the Oceans
TV Show,Drain The Oceans: The Mississippi River & Arctic War
Movie,Fauci
TV Show,IMPACT with Gal Gadot
TV Show,The Ghost and Molly McGee
Movie,Alvin and the Chipmunks
Movie,Alvin and the Chipmunks: The Road Chip
Movie,LEGO Star Wars Terrifying Tales
Movie,Maleficent
Movie,The Scariest Story Ever: A Mickey Mouse Halloween Spooktacular
TV Show,Disney Vampirina
TV Show,Disney's Magic Bake-Off
TV Show,Great Barrier Reef
TV Show,Ready for Preschool
TV Show,Rolie Polie Olie
TV Show,Star Wars Galaxy of Sounds
TV Show,The Hatcher Family Dairy
TV Show,The Simpsons
Movie,A Spark Story
Movie,Spooky Buddies
Movie,The Fault in Our Stars
TV Show,Dog: Impossible
TV Show,Spidey And His Amazing Friends
TV Show,Star Wars: Visions
Movie,Confessions of a Shopaholic
Movie,Descendants: Royal Wedding
Movie,Disney's Broadway Hits at London's Royal Albert Hall
Movie,Flooded Tombs of the Nile
Movie,Jade Eyed Leopard
Movie,Nona
Movie,Smoky Mountain Park Rangers
TV Show,Life Below Zero
TV Show,Miraculous: Tales Of Ladybug & Cat Noir
TV Show,Unknown Waters with Jeremy Wade
Movie,Far Away From Raven’s Home
Movie,Pirates of the Caribbean: On Stranger Tides
Movie,Twenty Something
TV Show,"Doogie Kamealoha, M.D."
TV Show,"Mira, Royal Detective"
TV Show,Pepper Ann
TV Show,The Incredible Dr. Pol
Movie,Happier Than Ever: A Love Letter to Los Angeles
Movie,X-Men: Dark Phoenix
TV Show,Alaska Animal Rescue
TV Show,Dug Days
Movie,Cruella
Movie,Dan in Real Life
Movie,Disney Princess Remixed - An Ultimate Princess Celebration
Movie,Marvel One-Shot: All Hail the King
Movie,Underdog
TV Show,Dr. K's Exotic Animal ER
TV Show,Gigantosaurus
TV Show,Life Below Zero: Next Generation
Movie,Eragon
TV Show,Growing Up Animal
Movie,Fantastic Four
Movie,X-Men
TV Show,America's Funniest Home Videos: Animal Edition
TV Show,Chicken Squad
TV Show,Disney Presents Goofy in How to Stay at Home
TV Show,Gabby Duran And The Unsittables
TV Show,What If...?
Movie,Beverly Hills Chihuahua 2
Movie,Beverly Hills Chihuahua 3: Viva La Fiesta!
Movie,Killer Shark vs Killer Whale
Movie,Mrs. Doubtfire
TV Show,Cesar Millan: Better Human Better Dog
TV Show,Walt Disney Animation Studios: Short Circuit Experimental Films
Movie,Built for Mars: The Perseverance Rover
Movie,Garfield
TV Show,Chip 'n' Dale: Park Life
TV Show,Critter Fixers: Country Vets
TV Show,Disney Junior T.O.T.S.
TV Show,Mickey Mouse Funhouse
TV Show,Minnie's Bow-Toons: Party Palace Pals
TV Show,Turning the Tables with Robin Roberts
Movie,Ice Age: The Meltdown
Movie,Playing with Sharks
Movie,Shark vs. Surfer
Movie,Shark vs. Whale
Movie,Stuntman
Movie,Walking with Dinosaurs: The Movie
Movie,What the Shark?
TV Show,Behind the Attraction
TV Show,Disney The Owl House
TV Show,Meet Spidey and His Amazing Friends (Shorts)
TV Show,Mission Force One
TV Show,Turner & Hooch
Movie,Most Wanted Sharks
Movie,Secrets of the Bull Shark
TV Show,Shark Attack Files
Movie,Shark Attack Investigation: The Paige Winter Story
Movie,Sharkcano
Movie,We Bought a Zoo
Movie,World's Biggest Bullshark
Movie,World's Most Dangerous Shark?
TV Show,So Random!
Movie,Flicka
Movie,"Miraculous World: Shanghai, The Legend of Ladydragon"
Movie,Orca vs. Great White
Movie,Rogue Shark?
Movie,Shark Beach with Chris Hemsworth
Movie,Shark Gangs
Movie,The Croc That Ate Jaws
TV Show,When Sharks Attack
TV Show,Breaking Bobby Bones
TV Show,Mickey Mouse Mixed-Up Adventures
TV Show,Monsters at Work
Movie,"The Good, The Bart, and The Loki"
TV Show,Disney Raven's Home
Movie,The Sandlot
Movie,The Sandlot 2
Movie,Adventures in Babysitting
TV Show,Running Wild with Bear Grylls
TV Show,The Mysterious Benedict Society
Movie,Wolfgang
TV Show,Dino Ranch
TV Show,Disney Just Roll With It
TV Show,"Heartland Docs, DVM"
Movie,Luca
TV Show,Star Wars Vintage: Droids
TV Show,Puppy Dog Pals
Movie,Strange Magic
Movie,The Happiest Millionaire
Movie,The Pacifier
TV Show,Zenimation
TV Show,Loki
TV Show,Gordon Ramsay: Uncharted
TV Show,MUPPET BABIES
Movie,Raya and the Last Dragon
Movie,Red Tails
Movie,Us Again
Movie,American Eid
TV Show,Bluey
Movie,Dinner Is Served
TV Show,Disney Sydney To The Max
Movie,Growing Fangs
TV Show,Kingdom of the Polar Bears
Movie,Let's Be Tigers
Movie,The Last of the Chupacabras
Movie,The Little Prince(ss)
TV Show,Wicked Tuna
TV Show,Big City Greens
TV Show,Fury Files
TV Show,Ice Road Rescue
Movie,Tinker Bell and the Legend of the NeverBeast
TV Show,Schoolhouse Rock!
TV Show,Disney Special Agent Oso: Three Healthy Steps (Shorts)
TV Show,Race to the Center of the Earth
TV Show,Special Agent Oso
Movie,X-Men: The Last Stand
TV Show,The Incredible Hulk
Movie,Fantastic Four: Rise of the Silver Surfer
TV Show,Wander Over Yonder
Movie,Wild Hearts Can't Be Broken
Movie,"Maggie Simpson in ""The Force Awakens from its Nap"""
Movie,Star Wars Biomes
TV Show,Star Wars Vehicle Flythroughs
TV Show,The Bad Batch
TV Show,Spider-Man
Movie,22 vs. Earth
TV Show,Adventures in Wonderland
Movie,Disney My Music Story SUKIMASWITCH
TV Show,DuckTales
Movie,Oklahoma!
Movie,Baby's Day Out
Movie,Being the Queen
TV Show,Liv and Maddie
TV Show,Secrets of the Whales
TV Show,Big Shot
TV Show,Earth Moods
TV Show,Primal Survivor
Movie,Rio
Movie,The Kid Who Would Be King
Movie,Treasure Buddies
Movie,White Fang 2: Myth of the White Wolf
Movie,Cesar Millan: The Real Story
TV Show,Future-Worm!
TV Show,Kick Buttowski: Suburban Daredevil
Movie,Man of the House
Movie,Mark Twain and Me
Movie,Squanto: A Warrior's Tale
Movie,Caravan of Courage: An Ewok Adventure
Movie,Ewoks: The Battle for Endor
TV Show,Higglytown Heroes
Movie,Island at the Top of the World
TV Show,Made in a Day
Movie,Night at the Museum
TV Show,Secrets Of The Zoo
Movie,Sharks Of The Bermuda Triangle
TV Show,Star Wars Vintage: Clone Wars 2D Micro-Series
Movie,Star Wars Vintage: Story of the Faithful Wookiee
TV Show,Star Wars: Ewoks
Movie,The Big Year
Movie,The Last Ice
Movie,Third Man on the Mountain
TV Show,Walk the Prank
Movie,Gnomeo & Juliet
TV Show,Pickle and Peanut
TV Show,The Mighty Ducks: Game Changers
TV Show,Disney Big Hero 6 The Series
Movie,Disney My Music Story: Perfume
TV Show,Mexico Untamed
TV Show,The Falcon and The Winter Soldier
Movie,Doc McStuffins: The Doc Is In
TV Show,Marvel Studios ASSEMBLED
Movie,Miss Peregrine's Home for Peculiar Children
Movie,Own the Room
Movie,Garfield: A Tail of Two Kitties
TV Show,American Dragon: Jake Long
TV Show,Car SOS
TV Show,Disney Channel Games 2008
TV Show,Disney Roll It Back (Shorts)
TV Show,Dog With a Blog
TV Show,Mickey Go Local
Movie,Myth: A Frozen Tale
Movie,Okavango: River of Dreams
TV Show,Pair of Kings
TV Show,Secrets of Sulphur Springs
Movie,Shanghai Disney Resort Grand Opening Gala
Movie,Cheaper By the Dozen
Movie,Cheaper by the Dozen 2
Movie,Flora & Ulysses
Movie,The Book of Life
TV Show,The Muppet Show
TV Show,Marvel Battleworld: Mystery of the Thanostones
Movie,Marvel's Behind the Mask
Movie,Rodgers & Hammerstein's Cinderella
Movie,You Again
Movie,Disney My Music Story: Yoshiki
Movie,Expedition Everest
Movie,Upside-Down Magic
TV Show,Wicked Tuna: Outer Banks
TV Show,Dinosaurs
Movie,Texas Storm Squad
TV Show,Pixar Popcorn
Movie,Wild Uganda
TV Show,Elena of Avalor
Movie,Isle of Dogs
Movie,Mary Poppins Returns
TV Show,WandaVision
TV Show,Disney Fam Jam
Movie,Ferdinand
TV Show,Marvel Studios LEGENDS
Movie,Toy Story: That Time Forgot
Movie,700 Sharks
Movie,Big Sharks Rule
Movie,Dr. Seuss' Horton Hears a Who!
Movie,Great Shark Chow Down
Movie,Mega Hammerhead
Movie,Burrow
TV Show,Cosmos: Possible Worlds
TV Show,Disney Gallery / Star Wars: The Mandalorian
Movie,Max Keeble's Big Move
Movie,Soul
Movie,Arendelle Castle Yule Log
Movie,Buried Truth of the Maya
TV Show,Disney Parks Sunrise Series
Movie,Dory's Reef Cam
Movie,Into the Woods
Movie,"Miraculous World: New York, United Heroez"
TV Show,On Pointe
TV Show,Wild Nordic
Movie,Disney Channel's Epic Holiday Showdown
Movie,Disney Holiday Magic Quest
Movie,Gender Revolution: A Journey With Katie Couric
Movie,High School Musical: The Musical: The Holiday Special
Movie,Ralph Breaks the Internet
Movie,Safety
Movie,Anastasia
Movie,Godmothered
Movie,Man vs. Shark
Movie,Mulan
Movie,Sky High
Movie,The Disney Holiday Singalong
Movie,The Nutcracker and the Four Realms
Movie,"Alexander and the Terrible, Horrible, No Good, Very Bad Day"
Movie,Black Beauty
Movie,From Our Family to Yours
TV Show,Once Upon a Time in Wonderland
TV Show,Party Animals
Movie,Folklore: the long pond studio sessions
TV Show,Bia
TV Show,Marvel's 616
Movie,Planes
Movie,Planes: Fire & Rescue
Movie,The Real Right Stuff
TV Show,The Wonderful World of Mickey Mouse
Movie,LEGO Star Wars Holiday Special
Movie,Home Alone
Movie,Home Alone 2: Lost in New York
Movie,Home Alone 3
TV Show,Inside Pixar
Movie,Petra: Secrets of the Ancient Builders
Movie,Ultimate Viking Sword
Movie,Disney's A Christmas Carol
TV Show,Fancy Nancy (Shorts)
TV Show,Goldie & Bear
Movie,Mr. Magoo
Movie,Prep & Landing
Movie,Prep & Landing: Naughty vs. Nice
Movie,Disney Channel Halloween House Party
TV Show,The Mandalorian
Movie,The Sorcerer's Apprentice
TV Show,X-Ray Earth
TV Show,Gathering Storm
TV Show,India From Above
TV Show,Marvel Super Hero Adventures
Movie,Once Upon a Snowman
Movie,Pompeii: Secrets Of The Dead
Movie,Toy Story of Terror!
Movie,Beverly Hills Chihuahua
Movie,Clouds
Movie,Lost on Everest
Movie,Marvel's Iron Man & Captain America: Heroes United
TV Show,Meet The Chimps
TV Show,The Rocketeer
Movie,Oil Spill of The Century
Movie,The Chronicles Of Narnia: The Voyage of the Dawn Treader
TV Show,The Right Stuff
Movie,Wild Portugal
Movie,X2
Movie,Mr. Holland's Opus
Movie,Disneynature Oceans
Movie,Hidden Figures
TV Show,Magic of Disney's Animal Kingdom
Movie,Secret Society of Second-Born Royals
Movie,The Giant Robber Crab
TV Show,Wild Central America
TV Show,Ancient China from Above
TV Show,Becoming
TV Show,Coop & Cami Ask The World
TV Show,Europe from Above
Movie,Ever After: A Cinderella Story
TV Show,Kingdom of the Mummies
Movie,Morning Light
Movie,Notre Dame: Race Against The Inferno
TV Show,Once Upon a Time
TV Show,Soy Luna
TV Show,Violetta
Movie,Christopher Robin
Movie,D2: The Mighty Ducks
Movie,D3: The Mighty Ducks
TV Show,Earth to Ned
Movie,Trick or Treat
Movie,Alice Through the Looking Glass
Movie,Phineas and Ferb The Movie: Candace Against the Universe
Movie,Back to the Titanic
Movie,Beauty and the Beast
Movie,Mars: One Day on the Red Planet
Movie,The One and Only Ivan
TV Show,"Weirdest, Bestest, Truest"
TV Show,Disney Junior T.O.T.S.: Calling All T.O.T.S. (Shorts)
Movie,Disney Zombies 2
Movie,India's Wild Leopards
TV Show,Jungle Animal Rescue
Movie,Magic Camp
Movie,Marvel Studios' Ant-Man and the Wasp
TV Show,Nature Boom Time
TV Show,Sam's Zookeeper Challenge
TV Show,Scuba Sam's World
TV Show,Spaced Out
Movie,The Greatest Showman
TV Show,Weird But True!
TV Show,Wild Cats of India
Movie,Howard
Movie,Prince of Persia: The Sands of Time
Movie,Star Wars: Galaxy's Edge-Adventure Awaits
Movie,The Hidden Kingdoms of China
Movie,The Peanuts Movie
TV Show,UFO Europe: The Untold Stories
TV Show,Animal Showdown
TV Show,Best Job Ever
Movie,Big Cat Games
Movie,Black Is King
Movie,Cradle of the Gods
TV Show,Destination World
TV Show,Fearless Adventures with Jack Randall
Movie,Hunt for the Abominable Snowman
Movie,Incredibles 2
TV Show,King Fishers
Movie,Lost Temple of the Inca
TV Show,Marvel Funko Shorts
TV Show,Muppets Now
Movie,Surviving the Mount St. Helens Disaster
TV Show,What Sam Sees
Movie,Pirates of the Caribbean: Dead Men Tell No Tales
TV Show,PJ Masks (Shorts)
TV Show,Rogue Trip
TV Show,Wild Congo
TV Show,Wild Sri Lanka
Movie,A Pre-Opening Report from Disneyland
Movie,Diary of a Wimpy Kid: The Long Haul
TV Show,Disney Junior Music Lullabies
Movie,Lost City of Machu Picchu
TV Show,Super Robot Monkey Team Hyperforce Go!
Movie,The Mouseketeers at Walt Disney World
TV Show,Wild Chile
Movie,X-Men: Apocalypse
TV Show,Cosmos: A Spacetime Odyssey
Movie,Hamilton: History Has Its Eyes on You
Movie,Solo: A Star Wars Story
Movie,X-Men: Days of Future Past
Movie,The Undefeated Presents: Hamilton In-Depth
TV Show,Animal ER
Movie,Diary of a Wimpy Kid: Rodrick Rules
Movie,Hamilton
Movie,Ice Age: Collision Course
Movie,Race to Witch Mountain
Movie,The Big Green
Movie,The Mighty Ducks
Movie,While You Were Sleeping
TV Show,Disney A.N.T. Farm
TV Show,Into the Unknown: Making Frozen 2
Movie,Man in Space
Movie,Mars and Beyond
Movie,Marvel Studios' Avengers: Infinity War
Movie,Tarzan
Movie,Tarzan II
TV Show,101 Dalmatians (Series)
Movie,Big Sur: Wild California
TV Show,Disney Junior Muppet Babies Play Date
Movie,Egypt's Treasure Guardians
Movie,The Jungle Book
Movie,The Pirate Fairy
Movie,Trail Mix-Up
Movie,Tummy Trouble
Movie,Artemis Fowl
TV Show,Mighty Med
Movie,The Liberty Story
Movie,The Story of the Animated Drawing
Movie,Walt & El Grupo
TV Show,Alaska's Grizzly Gauntlet
Movie,America's Greatest Animals
Movie,Chasing the Equinox
TV Show,Howie Mandel's Animals Doing Things
TV Show,Japan: Between Earth and Sky
Movie,Percy Jackson & The Olympians: The Lightning Thief
TV Show,Secrets of Wild India
TV Show,The Greeks
TV Show,Wild Hawaii
Movie,Women Of Impact: Changing The World
Movie,"Maggie Simpson in ""The Longest Daycare"""
Movie,Mickey and the Seal
TV Show,The Evermoor Chronicles
Movie,The Moon-Spinners
TV Show,Doc McStuffins
Movie,Fantastic Mr. Fox
Movie,"Hello, Dolly!"
TV Show,Marvel's Future Avengers
Movie,Out
TV Show,The Big Fib
Movie,The Boys: The Sherman Brothers' Story
TV Show,It's a Dog's Life with Bill Farmer
Movie,Maleficent: Mistress of Evil
Movie,Star Wars: The Rise of Skywalker (Episode IX)
Movie,John Carter
TV Show,Awesome Animals
TV Show,Birth of Europe
Movie,Bride of Boogedy
TV Show,Buried Secrets Of The Bible With Albert Lin
TV Show,Disney Prop Culture
Movie,George of the Jungle
Movie,Homeward Bound II: Lost in San Francisco
Movie,Homeward Bound: The Incredible Journey
Movie,How to Play Baseball
Movie,In Beaver Valley
TV Show,Lost Treasures Of Egypt
TV Show,Love & Vets
Movie,Nature's Half Acre
TV Show,Prairie Dog Manor
Movie,Prowlers of the Everglades
Movie,The Princess Bride
TV Show,United States Of Animals
TV Show,Unlikely Animal Friends
Movie,Water Birds
Movie,National Treasure
Movie,Born Wild: The Next Generation
TV Show,America's Funniest Home Videos
Movie,The Olympic Elk
TV Show,Tangled: The Series
Movie,Jane Goodall: The Hope
TV Show,Brain Games
TV Show,Disney Mickey and the Roadster Racers - Chip 'N' Dale's Nutty Tales (Shorts)
Movie,Let's Stick Together
Movie,Pluto's Purchase
TV Show,Tron Uprising
Movie,A Celebration of the Music from Coco
TV Show,Disney Playtime with Puppy Dog Pals (Shorts)
Movie,"Maggie Simpson in ""Playdate with Destiny"""
TV Show,Paradise Islands
TV Show,Tut's Treasures: Hidden Secrets
Movie,A Tale of Two Critters
Movie,All in a Nutshell
Movie,Disneynature Penguins
Movie,Diving with Dolphins
Movie,Dolphin Reef
Movie,Don's Fountain of Youth
Movie,Donald's Dog Laundry
Movie,Double Dribble
Movie,Dragon Around
Movie,Elephant
Movie,Elmer Elephant
TV Show,Fish Hooks
Movie,How To Play Football
Movie,In the Footsteps of Elephant
Movie,"Lambert, The Sheepish Lion"
Movie,On Ice
Movie,Onward
Movie,Out of Scale
Movie,Penguins: Life on the Edge
Movie,Pluto's Party
Movie,Sea Scouts
TV Show,Sonny With A Chance
Movie,The Boy Who Talked to Badgers
Movie,The New Neighbor
Movie,The Small One
Movie,The Straight Story
Movie,Frankenweenie
Movie,Mars Needs Moms
Movie,Prom
Movie,The Last Song
Movie,The Odd Life of Timothy Green
TV Show,Be Our Chef
Movie,A Wrinkle in Time
TV Show,Disney I Didn't Do It
TV Show,Disney Insider
TV Show,Disney Vampirina Ghoul Girls Rock! (Shorts)
Movie,G-Force
Movie,Frozen 2
Movie,Stargirl
Movie,The Finest Hours
Movie,The Sandlot: Heading Home
Movie,Bedtime Stories
Movie,Marvel Studios' Black Panther
TV Show,101 Dalmatian Street
Movie,Disney Phineas and Ferb: Phineas and Ferb Star Wars
TV Show,Shop Class
Movie,Viking Warrior Women
TV Show,Star Wars Resistance
TV Show,Lost Cities With Albert Lin
Movie,Marvel Rising: Operation Shuri
Movie,Marvel Rising: Playing With Fire
TV Show,Star Wars: The Clone Wars
Movie,Marvel's Iron Man & Hulk: Heroes United
Movie,Because of Winn-Dixie
TV Show,Fairy Tale Weddings
Movie,"My Dog, the Thief"
Movie,Splash
TV Show,That's So Raven
Movie,Timmy Failure: Mistakes Were Made
Movie,Toy Story 4
Movie,Descendants 3
Movie,Around the World in 80 Days
Movie,Big Business
Movie,Lamp Life
Movie,The Lion King
TV Show,Diary of a Future President
TV Show,High School Musical: The Musical: The Series: The Sing-Along
TV Show,America's National Parks
TV Show,Continent 7: Antarctica
TV Show,Disney Randy Cunningham: 9th Grade Ninja
TV Show,Muppet Babies Show and Tell (Shorts)
TV Show,The Lodge
TV Show,Wild Russia
Movie,Destino
Movie,Forky Asks a Question: What is Reading?
Movie,Loop
TV Show,Marvel's Runaways
Movie,Aladdin (2019)
Movie,Forky Asks a Question: What is Cheese?
TV Show,Austin & Ally
TV Show,Billy Dilley's Super-Duper Subterranean Summer
Movie,Cars Toon: El Materdor
Movie,Cars Toon: Moon Mater
Movie,Cars Toon: Rescue Squad Mater
Movie,Cars Toon: Spinning
Movie,Cars Toon: Time Travel Mater
Movie,Cars Toon: Tokyo Mater
Movie,Cars Toon: Unidentified Flying Mater
Movie,Cars Toons: Bugged
Movie,Cool Runnings
Movie,Drain Alcatraz
Movie,Drain The Bermuda Triangle
Movie,Drain The Great Lakes
Movie,Drain The Ocean: WWII
Movie,Drain The Sunken Pirate City
Movie,Drain The Titanic
TV Show,First Class Chefs: Family Style
Movie,Hacksaw
Movie,Holes
Movie,Marvel 75 Years: From Pulp to Pop!
Movie,Marvel Rising: Battle of The Bands
TV Show,One Strange Rock
TV Show,Out There with Jack Randall
Movie,Super Rhino
TV Show,The Proud Family
TV Show,The Super Hero Squad
TV Show,Year Million
Movie,Forky Asks a Question: What is a Pet?
Movie,Star Wars: The Last Jedi (Episode VIII)
Movie,Forky Asks a Question: What is a Leader?
Movie,George of the Jungle 2
Movie,High School Musical: The Musical: The Series: The Special
TV Show,Pick of the Litter
Movie,Togo
Movie,Forky Asks a Question: What is a Computer?
Movie,Wind
Movie,Forky Asks a Question: What is Love?
TV Show,One Day at Disney (Shorts)
Movie,Marvel Studios' Thor: Ragnarok
TV Show,Disney The Lion Guard
Movie,One Day at Disney
TV Show,Disney Star vs. the Forces of Evil
Movie,Expedition Amelia
Movie,Glory Road
TV Show,Henry Hugglemonster
Movie,Incredible! The Story of Dr. Pol
Movie,Marvel Rising: Chasing Ghosts
Movie,Marvel Rising: Heart of Iron
TV Show,Miles From Tomorrowland
TV Show,Sheriff Callie's Wild West
TV Show,Supercar Megabuild
Movie,The Incredible Dr. Pol: Blue Ribbon Kids
Movie,Coco
Movie,Coco (in Spanish)
Movie,Forky Asks a Question: What is Time?
Movie,The Wonderful World of Disney Presents The Little Mermaid Live!
Movie,Forky Asks a Question: What is Art?
TV Show,Mickey Mouse Roadster Racers
Movie,"Happy Birthday, Mickey!"
Movie,Forky Asks a Question: What is a Friend?
Movie,10 Things I Hate About You
Movie,101 Dalmatians
Movie,101 Dalmatians II: Patch's London Adventure
Movie,102 Dalmatians
Movie,12 Dates of Christmas
Movie,"20,000 Leagues Under the Sea"
Movie,A Bug's Life
Movie,A Goofy Movie
Movie,A Kid in King Arthur's Court
Movie,A Knight for a Day
Movie,A Ring of Endless Light
Movie,Aladdin (1992)
Movie,Aladdin and the King of Thieves
Movie,Aladdin: The Return of Jafar
Movie,Alice in Wonderland
Movie,Aliens of the Deep
Movie,Alley Cats Strike!
Movie,Almost Angels
Movie,America's Heart & Soul
Movie,Amy
Movie,An Extremely Goofy Movie
TV Show,Andi Mack
Movie,Annie
Movie,Apollo: Missions To The Moon
Movie,Atlantis Rising
Movie,Atlantis: Milo's Return
Movie,Atlantis: The Lost Empire
Movie,Auntie Edna
Movie,Avatar
Movie,Babes in the Woods
Movie,Babes in Toyland
Movie,Bambi
Movie,Bambi II
Movie,Bao
Movie,Beach Picnic
Movie,Bearly Asleep
Movie,Beauty and the Beast: Belle's Magical World
Movie,Beauty and the Beast: The Enchanted Christmas
Movie,Beezy Bear
Movie,Before the Flood
Movie,Benji the Hunted
TV Show,Best Friends Whenever
TV Show,Big City Greens (Shorts)
Movie,Big Hero 6
TV Show,Big Hero 6 The Series (Shorts)
Movie,Bizarre Dinosaurs
Movie,Blank Check
Movie,Boat Builders
Movie,Bolt
Movie,Bone Bandit
TV Show,Bonkers
Movie,Boundin'
TV Show,Boy Meets World
Movie,Brave
Movie,Brave Little Toaster to the Rescue
Movie,Breaking2
Movie,Brink!
Movie,Brother Bear
Movie,Brother Bear 2
Movie,Buffalo Dreams
TV Show,Bug Juice: My Adventures at Camp
Movie,BURN-E
Movie,Cadet Kelly
Movie,Camp Nowhere
Movie,Camp Rock
Movie,Camp Rock 2: The Final Jam
Movie,Can of Worms
Movie,Candleshoe
Movie,Canine Caddy
Movie,Cars
Movie,Cars 2
Movie,Cars 3
Movie,Cars Toon: Air Mater
Movie,Cars Toon: Heavy Metal Mater
Movie,Cars Toon: Hiccups
Movie,Cars Toon: Mater Private Eye
Movie,Cars Toon: Mater the Greater
Movie,Cars Toon: Monster Truck Mater
Movie,Cars Toon: The Radiator Springs 500 1/2
Movie,Casebusters
Movie,Cheetah
Movie,Chef Donald
Movie,Chicken Little
TV Show,Chip 'n Dale's Rescue Rangers
Movie,Chip an' Dale
Movie,Cinderella
Movie,Cinderella II: Dreams Come True
Movie,Cinderella III: A Twist in Time
Movie,Clock Cleaners
Movie,Cloud 9
Movie,College Road Trip
Movie,Confessions of a Teenage Drama Queen
TV Show,Coop & Cami Ask The World (Shorts)
Movie,Corn Chips
Movie,Cow Belles
TV Show,Crash & Bernstein
Movie,Dadnapped
Movie,Darby O'Gill and the Little People
TV Show,Darkwing Duck
Movie,Davy Crockett and the River Pirates
Movie,"Davy Crockett, King of the Wild Frontier"
Movie,Day & Night
Movie,Decorating Disney: Holiday Magic
Movie,Deep Blue
Movie,Descendants 2
Movie,Diary Of A Wimpy Kid
Movie,Dinosaur
Movie,Disney Adventures in Babysitting
Movie,Disney Avalon High
Movie,Disney Bad Hair Day
TV Show,Disney Bizaardvark
Movie,Disney Den Brother
Movie,Disney Descendants
TV Show,Disney Descendants Wicked World (Shorts)
TV Show,Disney DuckTales (Shorts)
TV Show,Disney Evermoor
TV Show,Disney Family Sundays
TV Show,Disney Fast Layne
Movie,Disney Girl vs. Monster
TV Show,Disney Gravity Falls
TV Show,Disney Gravity Falls (Shorts)
TV Show,Disney Jake and the Never Land Pirates
TV Show,Disney JONAS
TV Show,Disney Junior Music Nursery Rhymes
TV Show,Disney K.C. Undercover
TV Show,Disney Lab Rats: Elite Force
TV Show,Disney Legend of the Three Caballeros
TV Show,Disney Mickey Mouse Clubhouse
TV Show,Disney Milo Murphy's Law
TV Show,Disney Minnie's Bow-Toons (Shorts)
TV Show,Disney Stuck In The Middle
TV Show,Disney Take Two With Phineas And Ferb (Shorts)
TV Show,Disney Tangled: The Series - Short Cuts
Movie,Disney Under The Sea: A Descendants Short Story
TV Show,Disney's Adventures Of The Gummi Bears
TV Show,Disney's Doug
Movie,Disney's Fairy Tale Weddings
Movie,Disney's Fairy Tale Weddings: Holiday Magic
TV Show,Disney's Hercules: The Animated Series
TV Show,Disney's Kim Possible
TV Show,Disney's Little Einsteins
TV Show,Disney's Mighty Ducks
TV Show,Disney's Recess
TV Show,Disney's The Emperor's New School
Movie,Disney's The Kid
TV Show,Disney's The Little Mermaid (Series)
Movie,Disneyland Around the Seasons (Walt Disney's Wonderful World of Color: 1961-69)
Movie,Disneynature African Cats
Movie,Disneynature Bears
Movie,Disneynature Born in China
Movie,Disneynature Chimpanzee
Movie,Disneynature Crimson Wing
Movie,Disneynature Monkey Kingdom
Movie,Disneynature Wings of Life
TV Show,Dog Whisperer with Cesar Millan
Movie,Don't Look Under the Bed
Movie,Donald's Golf Game
Movie,Donald's Tire Trouble
Movie,Double Teamed
Movie,Doug's 1st Movie
TV Show,"Dr. T, Lone Star Vet"
Movie,DuckTales The Movie: Treasure of the Lost Lamp
Movie,Dug's Special Mission
Movie,Dumbo
Movie,Early to Bed
Movie,Earth Live
Movie,Easter Island Unsolved
Movie,Eddie's Million Dollar Cook-off
Movie,Eight Below
TV Show,Elena of Avalor (Shorts)
Movie,Emil and the Detectives
Movie,Empire of Dreams: The Story of the Star Wars Trilogy
TV Show,Encore!
Movie,Escape to Witch Mountain
TV Show,Even Stevens
Movie,Expedition Mars: Spirit & Opportunity
Movie,Fantasia
Movie,Fantasia 2000
TV Show,Fantastic Four (Series)
TV Show,Fantastic Four: World's Greatest Heroes
Movie,Ferdinand the Bull
Movie,Finding Dory
Movie,Finding Nemo
Movie,First Kid
Movie,Flight of the Navigator
Movie,Float
Movie,Flowers and Trees
Movie,Flubber
Movie,Food for Feudin'
Movie,For the Birds
Movie,Forky Asks a Question: What is Money?
Movie,Frank and Ollie
Movie,Frankenweenie (Short)
Movie,Freaky Friday
Movie,Free Solo
Movie,Frenemies
Movie,Frozen
Movie,Full-Court Miracle
Movie,Fun and Fancy Free
Movie,Fuzzbucket
TV Show,Gargoyles
Movie,Geek Charming
Movie,Genius
Movie,George & A.J.
Movie,Geri's Game
Movie,Get a Clue
Movie,Giants of the Deep Blue
TV Show,Girl Meets World
Movie,Go Figure
Movie,Going to the Mat
TV Show,Good Luck Charlie
Movie,"Good Luck Charlie, It's Christmas!"
TV Show,Goof Troop
Movie,Gotta Kick it Up
Movie,Grand Canyonscope
Movie,Grasshopper and the Ants
TV Show,Great Migrations
Movie,Greyfriars Bobby
Movie,Gus
Movie,Halloweentown
Movie,Halloweentown High
Movie,Halloweentown II: Kalabar's Revenge
TV Show,Handy Manny
TV Show,Hannah Montana
Movie,Hannah Montana and Miley Cyrus: Best of Both Worlds Concert
Movie,Hannah Montana The Movie
Movie,Hatching Pete
Movie,Hawaiian Holiday
Movie,Heavyweights
Movie,Herbie Goes Bananas
Movie,Herbie Goes to Monte Carlo
Movie,Herbie Rides Again
Movie,Hercules
Movie,High School Musical
Movie,High School Musical 2
Movie,High School Musical 3: Senior Year
TV Show,High School Musical: The Musical: The Series
Movie,Hocus Pocus
Movie,Home on the Range
Movie,"Honey, I Blew Up the Kid"
Movie,"Honey, I Shrunk the Kids"
Movie,"Honey, We Shrunk Ourselves"
Movie,Horse Sense
TV Show,Hostile Planet
Movie,Hounded
Movie,How Dogs Got Their Shapes
Movie,How to Build a Better Boy
Movie,How to Fish
Movie,How to Swim
TV Show,Hulk and the Agents of S.M.A.S.H.
Movie,I'll Be Home for Christmas
Movie,Ice Age: The Great Egg-Scapade
Movie,Ice Princess
Movie,Inner Workings
Movie,Inside Out
Movie,Inspector Gadget
Movie,Inspector Gadget 2
Movie,Into the Grand Canyon
Movie,Into the Okavango
Movie,Invincible
Movie,Invisible Sister
TV Show,Iron Man (Series)
TV Show,Iron Man Armored Adventures
Movie,Iron Will
Movie,Jack
Movie,Jack-Jack Attack
Movie,James and the Giant Peach
Movie,Jane
TV Show,Jessie
Movie,Jingle Pols
Movie,Johnny Kapahala: Back on Board
Movie,Johnny Tsunami
Movie,Jonas Brothers: The Concert Experience
Movie,Journey to Shark Eden
Movie,Journey to the Center of the Earth
Movie,Jump In!
Movie,Jumping Ship
Movie,Jungle 2 Jungle
Movie,Jungle Cat
Movie,Kazaam
TV Show,Kickin' It
Movie,Kim Possible
Movie,Kim Possible Movie: So the Drama
Movie,Kingdom of the Apes: Battle Lines
Movie,Kingdom of the Blue Whale
TV Show,Kingdom of the White Wolf
Movie,Kitbull
Movie,Knick Knack Theatrical Short
Movie,Kronk's New Groove
Movie,La Luna
TV Show,Lab Rats
Movie,Lady and the Tramp
Movie,Lava
TV Show,LEGO Disney Frozen: Northern Lights (Shorts)
TV Show,LEGO Star Wars: All Stars
TV Show,LEGO Star Wars: All Stars (Shorts)
TV Show,LEGO Star Wars: Droid Tales
TV Show,LEGO Star Wars: Resistance Rises (Shorts)
TV Show,LEGO Star Wars: The Freemaker Adventures
TV Show,LEGO Star Wars: The Freemaker Adventures (Shorts)
Movie,LEGO Star Wars: The New Yoda Chronicles - Clash of the Skywalkers
Movie,LEGO Star Wars: The New Yoda Chronicles - Raid on Coruscant
Movie,LEGO Star Wars: The New Yoda Chronicles – Duel of the Skywalkers
Movie,LEGO Star Wars: The New Yoda Chronicles – Escape from the Jedi Temple
Movie,LEGO Star Wars: The New Yoda Chronicles – Race for the Holocrons
Movie,Lemonade Mouth
Movie,Lend a Paw
Movie,Leroy & Stitch
Movie,Let it Shine
Movie,Life is Ruff
Movie,Life With Mikey
Movie,Life-Size 2
Movie,Lifted
Movie,Lilo & Stitch
Movie,Lilo & Stitch 2: Stitch Has a Glitch
TV Show,Lizzie McGuire
Movie,Lonesome Ghosts
TV Show,Lost Treasures of the Maya
Movie,Lou
Movie,Luck of the Irish
Movie,Luxo Jr.
Movie,Magician Mickey
Movie,Mail Dog
Movie,Man Among Cheetahs
Movie,Mars: Inside SpaceX
TV Show,Marvel Comics X-Men
TV Show,Marvel Rising: Initiation (Shorts)
Movie,Marvel Rising: Secret Warriors
Movie,Marvel Studios: Assembling A Universe
Movie,Marvel Studios: Expanding the Universe
Movie,Marvel Studios' Ant-Man
Movie,Marvel Studios' Avengers: Age of Ultron
Movie,Marvel Studios' Avengers: Endgame
Movie,Marvel Studios' Captain America: Civil War
Movie,Marvel Studios' Captain America: The First Avenger
Movie,Marvel Studios' Captain America: The Winter Soldier
Movie,Marvel Studios' Captain Marvel
Movie,Marvel Studios' Doctor Strange
Movie,Marvel Studios' Guardians of the Galaxy
Movie,Marvel Studios' Guardians of the Galaxy Vol. 2
Movie,Marvel Studios' Iron Man
Movie,Marvel Studios' Iron Man 2
Movie,Marvel Studios' Iron Man 3
Movie,Marvel Studios' The Avengers
Movie,Marvel Studios' Thor
Movie,Marvel Studios' Thor: The Dark World
TV Show,Marvel Ultimate Spider-Man
TV Show,Marvel's Agent Carter
TV Show,Marvel's Ant-Man (Shorts)
TV Show,Marvel's Avengers Assemble
TV Show,Marvel's Avengers: Secret Wars (Shorts)
TV Show,Marvel's Guardians of the Galaxy (Series)
TV Show,Marvel's Guardians of the Galaxy (Shorts)
TV Show,Marvel's Hero Project
TV Show,Marvel's Inhumans
TV Show,Marvel's Rocket & Groot (Shorts)
TV Show,Marvel's Ultimate Comics
Movie,Mary Poppins
Movie,Mater and the Ghostlight
Movie,Meet the Deedles
Movie,Meet the Robinsons
Movie,Melody Time
Movie,Mickey Down Under
TV Show,Mickey Mouse (Shorts)
TV Show,Mickey Mouse Club (1955-59)
Movie,"Mickey, Donald, Goofy: The Three Musketeers"
Movie,Mickey's Birthday Party
Movie,Mickey's Christmas Carol
Movie,Mickey's Delayed Date
Movie,Mickey's Once Upon a Christmas
Movie,Mickey's Rival
Movie,Mickey's Trailer
Movie,Mickey's Twice Upon a Christmas
Movie,Mighty Joe Young
Movie,Mike's New Car
Movie,Minutemen
Movie,Miracle
Movie,Miracle at Midnight
Movie,Miracle in Lane 2
Movie,Miracle Landing on the Hudson
Movie,Mission to the Sun
Movie,Moana
Movie,Mom's Got a Date With a Vampire
Movie,Monsters University
Movie,"Monsters, Inc."
Movie,Motocrossed
Movie,Mr. Boogedy
Movie,Mr. Duck Steps Out
Movie,Mr. Mouse Takes a Trip
Movie,Mulan II
TV Show,Muppet Moments (Shorts)
Movie,Muppet Treasure Island
Movie,Muppets Most Wanted
Movie,My Favorite Martian
TV Show,My Friends Tigger & Pooh
Movie,National Treasure: Book of Secrets
Movie,Newsies
Movie,Newsies: The Broadway Musical
Movie,Noelle
Movie,Now You See It
Movie,Olaf's Frozen Adventure
Movie,Old Yeller
Movie,Oliver & Company
Movie,Once Upon a Mattress
Movie,One Magic Christmas
Movie,One Man Band
Movie,Operation Dumbo Drop
TV Show,Origins: The Journey of Humankind
TV Show,Out of the Box
Movie,Paris To Pittsburgh
Movie,Partly Cloudy
Movie,Party Central
Movie,Perri
Movie,Pete's Dragon
Movie,Peter Pan
Movie,Peter Pan: Return to Never Land
Movie,Phantom of the Megaplex
TV Show,Phil of the Future
TV Show,Phineas and Ferb
Movie,Phineas and Ferb the Movie: Across the 2nd Dimension
Movie,Phineas and Ferb: Mission Marvel
Movie,Piglet's Big Movie
Movie,Pinocchio
Movie,Piper
Movie,Pirates of the Caribbean: At World's End
Movie,Pirates of the Caribbean: Dead Man's Chest
Movie,Pirates of the Caribbean: The Curse of the Black Pearl
TV Show,Pixar In Real Life
Movie,Pixel Perfect
Movie,Planet of the Birds
Movie,Pluto and the Gopher
Movie,Pluto's Christmas Tree
Movie,Pluto's Surprise Package
Movie,Pluto's Sweater
Movie,Pocahontas
Movie,Pocahontas II: Journey to a New World
Movie,Pollyanna
Movie,Pooh's Grand Adventure: The Search for Christopher Robin
Movie,Pooh's Heffalump Movie
Movie,Presto
Movie,Princess Protection Program
Movie,Purl
TV Show,Quack Pack
Movie,Queen of Katwe
Movie,Quints
Movie,Ratatouille
Movie,Read It and Weep
Movie,Ready to Run
Movie,Recess: All Growed Down
Movie,Recess: School's Out
Movie,Recess: Taking the 5th Grade
Movie,Red's Dream
Movie,Remember the Titans
Movie,Rescue Dog
Movie,Return from Witch Mountain
Movie,Return to Halloweentown
Movie,Return to Oz
Movie,Richie Rich's Christmas Wish
Movie,Right on Track
Movie,Riley’s First Date?
Movie,Rip Girls
Movie,Robin Hood
TV Show,Rocky Mountain Animal Rescue
Movie,Rogue One: A Star Wars Story
Movie,Roving Mars
Movie,Ruby Bridges
Movie,Sacred Planet
Movie,Saludos Amigos
Movie,"Sammy, The Way-Out Seal"
Movie,Sanjay's Super Team
Movie,Santa Paws 2: The Santa Pups
Movie,Santa's Workshop
Movie,Saving Mr. Banks
Movie,Science Fair
Movie,Sea of Hope: America's Underwater Treasures
Movie,Secret of The Wings
Movie,Secretariat
Movie,Secrets of Christ's Tomb: Explorer Special
Movie,Secrets of Life
Movie,Secrets of the King Cobra
TV Show,Shake It Up
Movie,Sharks of Lost Island
Movie,Sharpay's Fabulous Adventure
Movie,Shipwrecked
TV Show,Silver Surfer
Movie,Simpsons Movie
Movie,Sister Act
Movie,Sister Act 2: Back in the Habit
Movie,Skyrunners
Movie,Sleeping Beauty
Movie,Smart House
Movie,Smash and Grab
Movie,Snow White and The Seven Dwarfs
Movie,Snowball Express
Movie,Snowglobe
TV Show,So Weird
Movie,Society Dog Show
TV Show,Spider-Man (Shorts)
TV Show,Spider-Man and His Amazing Friends
TV Show,Spider-Man Unlimited
TV Show,Spider-Woman
TV Show,Star Wars Forces of Destiny (Shorts)
TV Show,Star Wars Rebels
TV Show,Star Wars Rebels (Shorts)
Movie,Star Wars: A New Hope (Episode IV)
Movie,Star Wars: Attack of the Clones (Episode II)
TV Show,Star Wars: Blips
Movie,Star Wars: Return of the Jedi (Episode VI)
Movie,Star Wars: Revenge of the Sith (Episode III)
Movie,Star Wars: The Empire Strikes Back (Episode V)
Movie,Star Wars: The Force Awakens (Episode VII)
Movie,Star Wars: The Phantom Menace (Episode I)
Movie,Starstruck
Movie,Steamboat Willie
Movie,Stepsister from Planet Weird
Movie,Stitch! The Movie
Movie,Stonehenge Decoded: Secrets Revealed
Movie,Stuck in the Suburbs
Movie,Sultan and the Rock Star
Movie,Super Buddies
Movie,Swiss Family Robinson
TV Show,TaleSpin
Movie,Tall Tale
Movie,Tangled
Movie,Tangled Before Ever After
Movie,Tarzan & Jane
Movie,Teacher's Pet
Movie,Teen Beach 2
Movie,Teen Beach Movie
Movie,Teen Spirit
Movie,That Darn Cat
Movie,That Darn Cat!
Movie,The Absent-Minded Professor
Movie,The Adventures of André & Wally B.
Movie,The Adventures of Bullwhip Griffin
Movie,The Adventures of Huck Finn
Movie,The Adventures of Ichabod and Mr. Toad
TV Show,The Adventures of Spin and Marty
Movie,The African Lion
Movie,The Apple Dumpling Gang
Movie,The Apple Dumpling Gang Rides Again
Movie,The Aristocats
Movie,The Art of Skiing
TV Show,The Avengers: Earth's Mightiest Heroes
TV Show,The Avengers: United They Stand
Movie,The Band Concert
Movie,The Bears and I
Movie,The Big Bad Wolf
Movie,The Biscuit Eater
Movie,The Black Cauldron
Movie,The Black Hole
Movie,The Blue Umbrella
TV Show,The Book of Once Upon a Time
TV Show,The Book of Pooh
Movie,The Brave Little Toaster Goes to Mars
Movie,The Castaway Cowboy
Movie,The Cheetah Girls
Movie,The Cheetah Girls 2
Movie,The Cheetah Girls: One World
Movie,The Christmas Star
Movie,The Chronicles of Narnia: Prince Caspian
Movie,"The Chronicles of Narnia: The Lion, the Witch and the Wardrobe"
Movie,The Color of Friendship
Movie,The Computer Wore Tennis Shoes
Movie,The Country Bears
Movie,The Emperor's New Groove
Movie,The Even Stevens Movie
Movie,The Flood
Movie,The Fox and the Hound
Movie,The Fox and the Hound 2
Movie,The Game Plan
Movie,The Ghosts of Buxley Hall
Movie,The Goddess of Spring
Movie,The Golden Touch
Movie,The Good Dinosaur
Movie,The Great Muppet Caper
Movie,The Greatest Game Ever Played
Movie,The Haunted Mansion
Movie,The Hockey Champ
Movie,The Hunchback of Notre Dame
Movie,The Hunchback of Notre Dame II
TV Show,The Imagineering Story
Movie,The Incredible Journey
Movie,The Incredibles
Movie,The Journey of Natty Gann
Movie,The Jungle Book 2
Movie,The Jungle Book: Mowgli's Story
Movie,The Legend of Mor'du
Movie,The Lion King 1 1/2
Movie,The Lion King 2: Simba's Pride
Movie,The Little Mermaid
Movie,The Little Mermaid II:  Return to the Sea
Movie,The Little Mermaid:  Ariel's Beginning
Movie,The Little Whirlwind
Movie,The Living Desert
Movie,The Lizzie McGuire Movie
Movie,The Lost Tomb of Alexander the Great
Movie,The Love Bug (1969)
Movie,The Many Adventures of Winnie the Pooh
Movie,The Million Dollar Duck
Movie,The Mistle-Tones
Movie,The Muppet Christmas Carol
Movie,The Muppet Movie
Movie,The Muppets
TV Show,The Muppets (Series)
TV Show,The New Adventures of Winnie the Pooh
Movie,The Old Mill
Movie,The Olympic Champ
Movie,The Parent Trap
Movie,The Parent Trap (1961)
Movie,The Pied Piper
Movie,The Plausible Impossible (Disneyland: 1954-58)
Movie,The Poof Point
Movie,The Prince and the Pauper
Movie,The Princess and the Frog
Movie,The Princess Diaries
Movie,The Princess Diaries 2: Royal Engagement
Movie,The Proud Family Movie
Movie,The Reluctant Dragon
TV Show,The Replacements
Movie,The Rescuers
Movie,The Rescuers Down Under
Movie,The Rookie
Movie,The Santa Clause
Movie,The Santa Clause 2
Movie,The Santa Clause 3: The Escape Clause
Movie,The Scream Team
Movie,The Secret of the Magic Gourd
Movie,The Shaggy D.A.
Movie,The Shaggy Dog
Movie,The Sign of Zorro
Movie,The Simple Things
Movie,The Sound of Music
Movie,The Story of Robin Hood And His Merrie Men
Movie,The Strongest Man in the World
Movie,The Suite Life Movie
TV Show,The Suite Life of Zack & Cody
TV Show,The Suite Life On Deck
Movie,The Swap
Movie,The Thirteenth Year
Movie,The Three Caballeros
Movie,The Three Musketeers
Movie,The Tigger Movie
Movie,The Tortoise and the Hare
Movie,The Ugly Dachshund
Movie,The Ugly Duckling
Movie,The Ultimate Christmas Present
Movie,The Vanishing Prairie
Movie,The Wild
Movie,The Wise Little Hen
Movie,The Wizards Return: Alex vs. Alex
TV Show,The World According to Jeff Goldblum
Movie,The Young Black Stallion
Movie,Three Blind Mouseketeers
Movie,Three Days
Movie,Three Little Pigs
Movie,Three Little Wolves
Movie,Three Men and a Baby
Movie,Three Men and a Little Lady
Movie,Thru the Mirror
Movie,Tiger Cruise
Movie,Tim Burton’s The Nightmare Before Christmas
TV Show,Timon & Pumbaa
Movie,Tin Toy
Movie,Tinker Bell
Movie,Tinker Bell and the Great Fairy Rescue
Movie,Tinker Bell and the Lost Treasure
Movie,Titanic: 20 Years Later With James Cameron
Movie,Toby Tortoise Returns
Movie,Tom and Huck
Movie,Toy Story
Movie,Toy Story 2
Movie,Toy Story 3
Movie,Toy Story Toons: Hawaiian Vacation
Movie,Toy Story Toons: Partysaurus Rex
Movie,Toy Story Toons: Small Fry
Movie,Trail of the Panda
Movie,Trailer Horn
Movie,Treasure Island
Movie,Treasure of Matecumbe
Movie,Treasure Planet
Movie,Tree Climbing Lions
Movie,Tron
Movie,Tru Confessions
Movie,Tuck Everlasting
Movie,Tugboat Mickey
Movie,Twas the Night
Movie,Twitches
Movie,Twitches Too
Movie,Unidentified Flying Oddball
Movie,Up
Movie,"Up, Up and Away"
Movie,Valiant
Movie,Waking Sleeping Beauty
Movie,WALL-E
Movie,Wendy Wu: Homecoming Warrior
Movie,Whispers: An Elephant's Tale
Movie,White Fang
Movie,Who Framed Roger Rabbit
TV Show,Wild Yellowstone
Movie,Winged Seduction: Birds of Paradise
Movie,Winnie the Pooh
Movie,Winnie the Pooh: A Very Merry Pooh Year
Movie,Winnie the Pooh: Springtime with Roo
Movie,Winter Storage
TV Show,Wizards of Waverly Place
Movie,Wizards of Waverly Place: The Movie
TV Show,Wolverine and The X-Men
Movie,World's Greatest Dogs
Movie,Wreck-It Ralph
TV Show,X-Men: Evolution
Movie,Ye Olden Days
Movie,Yellowstone Cubs
Movie,You Lucky Dog
Movie,You Wish!
Movie,Your Friend the Rat
Movie,Z-O-M-B-I-E-S
Movie,Zapped
Movie,Zenon: Girl of the 21st Century
Movie,Zenon: The Zequel
Movie,Zenon: Z3
Movie,Zootopia
Movie,Bedknobs and Broomsticks
Movie,Blackbeard's Ghost
Movie,Brave Little Tailor
Movie,Justin Morgan had a Horse
Movie,Lady and the Tramp II: Scamp's Adventure
TV Show,Smart Guy
Movie,The Cat from Outer Space
Movie,The Great Mouse Detective
Movie,The Sword in the Stone
Movie,Those Calloways
TV Show,Disney Kirby Buckets
TV Show,Disney Mech-X4
TV Show,Imagination Movers
Movie,Tomorrowland
Movie,Aquamarine
Movie,Ice Age: Dawn Of The Dinosaurs
Movie,X-Men Origins: Wolverine
Movie,Night at the Museum: Battle of the Smithsonian
Movie,Eddie the Eagle
Movie,Bend It Like Beckham
Movie,Captain Sparky vs. The Flying Saucers
