,title,release_year
0,Ricky Velez: Here's Everything,2021
1,Silent Night,2020
2,The Marksman,2021
3,Gaia,2021
4,Settlers,2021
5,The Halloween Candy Magic Pet,2021
6,The Evil Next Door,2020
7,The Next Thing You Eat,2021
8,Queens,2021
9,The Bachelorette,2003
10,The Real Queens of Hip-Hop: The Women Who Changed the Game,2021
11,Dream Horse,2020
12,Out of the Shadows: The Man Behind the Steele Dossier,2021
13,Wakefield,2021
14,Home Sweet Home,2021
15,Showtime Championship Boxing: Lopez vs. Salido (R),2011
16,Showtime Championship Boxing: Wilder vs. Molina,2015
17,America's Book of Secrets,2012
18,Beyond Oak Island,2020
19,Beyond Scared Straight,2011
20,Cheer Camp Killer,2020
21,Hoarders,2009
22,Little Women: Atlanta,2016
23,Marrying Millions,2019
24,Nightwatch,2015
25,Seven Year Switch,2017
26,Sleepwalker,2017
27,Swamp People,2010
28,Unsolved,2019
29,Acapulco Shore,2014
30,Catfish México,2018
31,Censor,2021
32,Dani Who?,2019
33,La Culpa es de Cortés,2017
34,Out of Death,2021
35,The Real Housewives of Orange County,2006
36,Why Not Us,2021
37,BELLATOR MMA: Kongo vs. Johnson 2,2020
38,CHIPS,2017
39,Dopesick,2021
40,In the Crease,2020
41,"Champaign, Ill",2018
42,The Loneliest Whale: The Search for 52,2021
43,Gunda,2020
44,Buried,2021
45,Demon Slayer Kimetsu No Yaiba,2019
46,G.I. Joe: Retaliation,2013
47,Rogue Hostage,2021
48,Roots Less Traveled,2020
49,Shark Tank,2009
50,Yashahime: Princess Half-Demon,2020
51,General Hospital,1963
52,Jacinta,2021
53,ABC News Live Prime with Linsey Davis,2021
54,Baker's Dozen,2021
55,FIFA World Cup 2022 Qualifying,2019
56,BELLATOR MMA 257: Nemkov vs. Davis 2 (R),2021
57,BELLATOR MMA: Davis vs. Nemkov,2018
58,Castle,2009
59,The Hills Presents: Speidi's Wedding Unveiled,2009
60,America's Funniest Home Videos,1981
61,Maggie's Plan,2015
62,The Bradshaw Bunch,2020
63,The Program,1993
64,Unfaithful,2002
65,Finding Your Feet,2017
66,Pacific Airshow,2021
67,Saturday Night Live,1975
68,College Swimming & Diving,2005
69,Men's College Hockey,2000
70,The Most Magical Story On Earth: 50 Years of Walt Disney World,2021
71,A.I.: Artificial Intelligence,2001
72,Air Force One,1997
73,Ali,2001
74,Asylum,2021
75,Big Sky,2020
76,Bite Size Halloween,2020
77,Blippi's Spooky Spell Halloween,2021
78,Boxcar Bertha,1972
79,Cake,2019
80,Cedar Rapids,2011
81,Chasing Papi,2003
82,Class,1983
83,Clifford,1994
84,Clockstoppers,2002
85,Code 46,2004
86,Crimson Tide,1995
87,Date Night Extended Version,2010
88,Dead of Winter,1987
89,Diary of a Wimpy Kid: Rodrick Rules,2011
90,"Double, Double, Toil and Trouble",1993
91,Dr. No,1962
92,Edge of the World,2021
93,Escape from Alcatraz,1979
94,Exorcist: The Beginning,2004
95,Flatliners,1990
96,From Russia With Love,1964
97,GoldenEye,1995
98,Goldfinger,1965
99,Happy Feet,2006
100,Happy Feet Two,2011
101,House of Games,1987
102,Intersection,1994
103,License to Kill,1989
104,Light It Up,1999
105,Lost In Space,1998
106,Mad Max,1979
107,Madhouse,2004
108,Maze,2017
109,My Best Friend's Wedding,1997
110,Peeples,2013
111,Queen of the Damned,2002
112,Racing With the Moon,1984
113,Remo Williams: The Adventure Begins,1985
114,Resident Evil: Retribution,2012
115,Rushmore,1998
116,SCB: Calzaghe vs. Lacy,2006
117,Signs,2002
118,Sleepless in Seattle,1993
119,Snatch,2000
120,Species,1995
121,Species II,1998
122,Species III,2004
123,Species: The Awakening,2007
124,Star Trek II: The Wrath of Khan,1982
125,Star Trek III: The Search for Spock,1984
126,Star Trek IV: The Voyage Home,1986
127,Star Trek V: The Final Frontier,1989
128,Star Trek VI: The Undiscovered Country,1991
129,Star Trek VIII: First Contact,1996
130,Star Trek: Generations,1994
131,Star Trek: Insurrection,1998
132,Star Trek: Nemesis,2002
133,Star Trek: The Motion Picture,1979
134,Station 19,2018
135,Sweet Home Alabama,2002
136,Sweet Land,2005
137,The Extreme Adventures of Super Dave,2000
138,The Holiday,2006
139,The Hunger Games,2012
140,The Hunger Games: Catching Fire,2013
141,"The Hunger Games: Mockingjay, Part 1",2014
142,"The Hunger Games: Mockingjay, Part 2",2015
143,The Mask of Zorro,1998
144,The O.C.,2003
145,The Perfect Holiday,2007
146,The Recruit,2003
147,The Rocky Horror Picture Show,1975
148,The Saint,1997
149,The Spy Who Loved Me,1977
150,The Taking of Pelham 1 2 3,2009
151,The Untouchables,1987
152,The Village,2004
153,The Vow,2012
154,Theater of Blood,1973
155,Total Recall,2012
156,Unforgettable,2017
157,Victor Frankenstein,2015
158,Waitress,2007
159,When A Man Loves A Woman,1994
160,Within,2016
161,Wolves at the Door,2016
162,Wrong Turn 2: Dead End,2007
163,American Dad!,2005
164,BuzzFeed Unsolved: True Crime,2017
165,Entre Hombres,2021
166,L.A. Rams Cheerleaders: Making the Squad,2021
167,True Crime: The Murder of Monica Leech,2021
168,Minor Premise,2020
169,Year of Extremes,2021
170,9-1-1,2018
171,Felix and the Hidden Treasure,2021
172,Wild Crime,2021
173,Bob's Burgers,2011
174,Family Guy,1999
175,Nuclear Family,2021
176,The Great North,2021
177,The Rookie,2018
178,The Simpsons,1989
179,BMF,2021
180,SEC Storied,2011
181,Gemini,2017
182,Law & Order: Special Victims Unit,1999
183,The Eric Andre Show,2012
184,This World Alone,2018
185,Trolls: TrollsTopía,2020
186,Alter Ego,2021
187,El Árbol Familiar de los Croods,2021
188,Funhouse,2019
189,Home Economics,2021
190,The Conners,2018
191,The Croods: Family Tree,2021
192,The Goldbergs,2013
193,The Masked Singer,2019
194,The Wonder Years,2021
195,GMA3: What You Need to Know,2020
196,Dancing With the Stars,2005
197,Jimmy Kimmel Live,2003
198,Late Night With Seth Meyers,2014
199,The Tonight Show Starring Jimmy Fallon,2014
200,Will & Grace,2017
201,Grown Ups,2010
202,Mom,2013
203,To Tell the Truth,2016
204,UFC Embedded,2014
205,America Strong,2021
206,Dark Side of Football,2021
207,Women's College Hockey,2004
208,Madagascar: Algo Salvaje,2020
209,Soul of a Nation Presents: Corazón de América -- Celebrating Hispanic Culture,2021
210,Divorce Court,1999
211,On Chesil Beach,2018
212,Riders of Justice,2020
213,Stalker,2020
214,All About Nina,2018
215,Chuck's World,2017
216,Dark Side of the Ring,2019
217,"Gilberto Santa Rosa, 40…y Contando",2018
218,Hitman: Agent 47,2015
219,Joseph: King of Dreams,2000
220,Killer Cases,2020
221,Level Playing Field,2021
222,Los Croods 2: Una Nueva Era,2020
223,"Love, Simon",2018
224,Maze Runner: The Death Cure,2018
225,"Santana - Corazón: Live From Mexico, Live It to Believe It",2014
226,Thalía 'Viva Tour' (En Vivo),2014
227,The King Stays King,2012
228,"Yandel: Legacy, De Lider a Leyenda Tour",2015
229,The Big Leap,2021
230,Colette,2018
231,John Bronco Rides Again,2021
232,Y: The Last Man,2021
233,Fruits Basket (2019),2019
234,High Ground,2020
235,Detainee 001,2021
236,Holey Moley,2019
237,Project Bakeover,2021
238,Salvage Kings,2019
239,Transporter 3,2008
240,Worst to First,2017
241,More Than An Athlete,2019
242,Our Time: UCF Football,2021
243,Women of 9/11: A Special Edition of 20/20 With Robin Roberts,2021
244,La La Land,2016
245,Wu-Tang: An American Saga,2019
246,9/11 20 Years Later: Women of Resilience,2021
247,9/11 Twenty Years Later: The Longest Shadow,2021
248,Dish Nation,2013
249,Logan,2017
250,SportsCenter,1979
251,Eyewitness to 9/11: Behind the Lens,2021
252,Men's College Water Polo,1999
253,Bolden,2019
254,CMA Summer Jam,2021
255,The D'Amelio Show,2021
256,Undine,2020
257,About Endlessness,2019
258,Death in Texas,2020
259,Locked Up Abroad,2007
260,Made By Her: Monumental Women,2021
261,SMU Football: The Hilltop,2021
262,The Unthinkable,2021
263,Trolls: TrollsTopia,2020
264,Blue City,1986
265,Cold Creek Manor,2003
266,Crazy Heart,2009
267,Edward Scissorhands,1990
268,El Dorado,1967
269,Election,1999
270,Eli’s Places,2021
271,Free Willy,1993
272,Free Willy 2: The Adventure Home,1995
273,Free Willy 3: The Rescue,1997
274,Free Willy: Escape From Pirate's Cove,2010
275,"Friday The 13th, Part III",1982
276,Friday the 13th: The Final Chapter,1984
277,Gattaca,1997
278,Girls! Girls! Girls!,1962
279,Hoosiers,1986
280,I Spit on Your Grave,2010
281,I Spit On Your Grave 2,2013
282,I Spit on Your Grave 3,2015
283,Internal Affairs,1990
284,Kiss The Girls,1997
285,McLintock! (Producer's Cut),1963
286,Miss You Already,2015
287,Mommy,2014
288,Much Ado About Nothing,2013
289,New Year's Eve,2011
290,Phase IV,1974
291,Priest,2011
292,PRO14 Rugby,2017
293,Road to Perdition,2002
294,Shaun the Sheep Movie,2015
295,Slumdog Millionaire,2008
296,Solace,2015
297,Stephen King's It,1990
298,Sucker Punch,2011
299,Tears of the Sun,2003
300,That One Word: Feyenoord,2021
301,The Apparition,2012
302,The Glass House,2001
303,The Interview,2014
304,The Last Castle,2001
305,The Manchurian Candidate,2004
306,The Mexican,2001
307,The Possession,2012
308,The Tenant,1976
309,The Wedding Plan,2016
310,The X-Files: Fight the Future,1998
311,Vantage Point,2008
312,Volcano,1997
313,"Final Hours, America’s Longest War",2021
314,Only Murders in the Building,2021
315,9/11: One Day in America,2021
316,Are you the one? El match perfecto,2016
317,Catfish Colombia,2014
318,Drunk History Argentina,2018
319,Spell,2020
320,Super Shore,2016
321,Trigger Point,2021
322,Wipeout,2008
323,Earth Odyssey with Dylan Dreyer,2019
324,Horizon Line,2020
325,Four Good Days,2020
326,Chaos Walking,2021
327,College Field Hockey,1993
328,In the Earth,2021
329,American Horror Story,2011
330,Archer,2009
331,Disobedience,2017
332,Feral State,2020
333,Love and Monsters,2020
334,Comedy Central Presenta,2017
335,La Culpa es de Colón,2017
336,La Culpa es de Colón: Edición Mujeres,2019
337,La Culpa es de Cortés: Edición Mujeres,2018
338,La Culpa es de Llorente,2017
339,The Ultimate Surfer,2021
340,NYC Epicenters 9/11→2021½,2021
341,The Unusual Suspects,2021
342,Celebrity Wife Swap,2012
343,Gossip,2021
344,The Tick,1994
345,Wife Swap,2004
346,We Broke Up,2021
347,Blast Beat,2020
348,Bettor Days,2020
349,Unsane,2018
350,Bachelor in Paradise,2014
351,Men's College Soccer,2000
352,Heels,2021
353,The Hate U Give,2018
354,Army Wives,2007
355,Eredivisie Soccer,2006
356,Women's College Volleyball,2003
357,Brooklyn Nine-Nine,2013
358,Dream Corp LLC,2016
359,The Emoji Story,2020
360,The Real Housewives of Salt Lake City,2020
361,"Heartbreak Hotel: Flight 800, 25 Years Later",2021
362,Held,2020
363,Homeroom,2021
364,Queen Sugar,2016
365,Superstar,2021
366,The Force,2017
367,The Virtuoso,2021
368,The Waiting Room,2012
369,Fantasy Island,2021
370,Secrets of the Morgue,2018
371,The Fantasy Show,2017
372,The FBI Files,1998
373,Reservation Dogs,2021
374,UFO,2021
375,Women's College Soccer,2009
376,English Championship Soccer,2013
377,Madagascar: A Little Wild,2020
378,Texas: Spirit and Soul,2021
379,Obama: In Pursuit of a More Perfect Union,2021
380,The Devil You Know,2019
381,Fear the Walking Dead,2015
382,Fear the Walking Dead en Español,2015
383,Small Town News: KPVM Pahrump,2021
384,21,2008
385,30 Days of Night,2007
386,30 Minutes or Less,2011
387,Alpha and Omega,2010
388,Are We There Yet?,2005
389,Attack the Block,2011
390,Black Swan,2010
391,Every Breath You Take,2021
392,First Knight,1995
393,Freelancers,2012
394,French Postcards,1979
395,From Prada to Nada,2011
396,Gulliver's Travels,2010
397,Gunfight at the O.K. Corral,1957
398,Hamilton's Pharmacopeia,2016
399,Impossible Builds,2018
400,Jack and Jill,2011
401,Kingpin,1996
402,Mirror Mirror,2012
403,Mud,2012
404,My Bloody Valentine,1981
405,Saints & Sinners,2016
406,Shane,1953
407,Shark Tale,2004
408,Some Kind of Wonderful,1987
409,The Baby-Sitters Club,1995
410,The Final Girls,2015
411,The Hot Chick,2002
412,The Hunter,1980
413,The Pier,2019
414,The Rifleman,1958
415,The Sons of Katie Elder,1965
416,The Thin Red Line,1998
417,The Vatican Tapes,2015
418,Toy Soldiers,1991
419,Transcendence,2014
420,Under the Tuscan Sun,2003
421,Watchmen,2009
422,Chasing Trane: The John Coltrane Documentary,2016
423,The Resort,2021
424,Best Summer Ever,2020
425,Celebrity Family Feud,2008
426,The Artist,2011
427,The Good Traitor,2020
428,Blue Origin: Civilians in Space,2021
429,100 Foot Wave,2021
430,The Last Dance,2020
431,Power Book III: Raising Kanan,2021
432,The Deceived,2020
433,WWE Friday Night SmackDown,2019
434,Los intrépidos,2021
435,"McCartney 3, 2, 1",2021
436,"20,000 Days on Earth",2014
437,A Field in England,2013
438,American Horror Stories,2021
439,Amira & Sam,2015
440,Borgman,2013
441,Bullhead,2011
442,Cheap Thrills,2014
443,Enforcement,2021
444,Exit Plan,2020
445,I Declare War,2014
446,Mood Indigo,2013
447,Pieta,2012
448,Raiders!: The Story of the Greatest Fan Film Ever Made,2016
449,Sonny Boy,2021
450,The Act of Killing,2012
451,The Complex: Lockdown,2020
452,The Congress,2013
453,The Connection,2015
454,The Final Member,2014
455,The FP,2012
456,The Keeping Room,2015
457,Backyard Builds,2017
458,Cleopatra en el Espacio,2020
459,Cleopatra in Space,2020
460,College Football,1998
461,Save My Reno,2017
462,Love Island (UK),2015
463,47 Meters Down,2017
464,Entre Nos Presents: Frankie Quiñones: Superhomies,2021
465,UFC 264,2021
466,Barb and Star Go to Vista Del Mar,2021
467,Detail: Daniel Cormier,2019
468,Grown-ish,2018
469,In a World...,2013
470,"Pete Lee: Tall, Dark, and Pleasant",2021
471,This Way Up,2019
472,Blippi's Summer Games,2021
473,Murdoch Mysteries,2008
474,My Wife and Kids,2001
475,Papillon,2017
476,Red Penguins,2019
477,Home to Win,2016
478,Love & Service: The Carter Story,2021
479,Dreamcatcher,2021
480,Flower of Evil,2020
481,How a Realist Hero Rebuilt the Kingdom,2021
482,I'll Go to You When the Weather is Nice,2020
483,More Than Friends,2020
484,Bill & Ted Face the Music,2020
485,Born a Champion,2021
486,Dark Web: Cicada 3301,2021
487,Fear of Rain,2021
488,Silk Road,2021
489,Summer of Soul,2021
490,The Case Study of Vanitas,2021
491,The Right One,2021
492,127 Hours,2010
493,28 Weeks Later,2007
494,68 Kill,2017
495,78/52: Hitchcock's Shower Scene,2017
496,Almost Human,2014
497,Alpha and Omega 4: The Legend of the Saw Toothed Cave,2014
498,American Gun,2005
499,An Acceptable Loss,2019
500,Band Aid,2017
501,"Beats, Rhymes & Life: The Travels of A Tribe Called Quest",2011
502,Best of Cheddar,2018
503,Big Fish,2003
504,Bitter Harvest,2017
505,Bohemian Rhapsody,2018
506,Candyman 3: Day of the Dead,1999
507,Carnage Park,2016
508,Chaplin,1993
509,Chuck,2016
510,Citizen Jane: Battle for the City,2017
511,Coyote Ugly,2000
512,Dealin' With Idiots,2013
513,Dealt,2017
514,Dear White People,2014
515,Donnybrook,2018
516,Elaine Stritch: Shoot Me,2014
517,Enemy At The Gates,2001
518,Factotum,2005
519,Frank Serpico,2017
520,Frankenstein and the Monster from Hell,1974
521,Free to Run,2016
522,Gimme The Loot,2013
523,Graduation,2016
524,Hellions,2015
525,Higurashi: When They Cry - NEW,2020
526,I Remember You,2017
527,Intermission,2004
528,Last Days Here,2011
529,Let's Be Evil,2016
530,Mercury Rising,1998
531,Ode to Joy,2019
532,Open Water,2004
533,Open Water 2: Adrift,2007
534,Passage to Mars,2016
535,Personal Shopper,2016
536,Pikwik Pack en Español,2020
537,Rabid Dogs,2015
538,RuPaul's Drag Race,2011
539,Shelley,2016
540,Sightseers,2013
541,Stonewall,2016
542,Stray,2020
543,Sweet Virginia,2017
544,Take Every Wave: The Life of Laird Hamilton,2017
545,Take Shelter,2011
546,The Angel's Share,2012
547,The Conversation,1974
548,The Face of Love,2013
549,The Feels,2017
550,The Gift,2000
551,The Girl With the Dragon Tattoo,2011
552,The Mighty Ones,2020
553,The New Detectives,1996
554,The Unknown Girl,2016
555,They Came Together,2014
556,Timeline,2003
557,Tooth Fairy,2010
558,Twisted,2004
559,Underworld,2003
560,Underworld Awakening,2012
561,Underworld: Evolution,2006
562,Underworld: Rise Of The Lycans,2009
563,Big Food Bucket List,2019
564,Escape to Alcatraz,2021
565,Hansel & Gretel: Witch Hunters,2013
566,Jack Reacher,2012
567,On The Red Carpet,2021
568,Texas True Crime,2020
569,TMZ Investigates: UFOs: The Pentagon Proof,2021
570,Wall of Chefs,2020
571,Bratz: The Movie,2007
572,Harvie and the Magic Museum,2017
573,Tulsa Burning: The 1921 Race Massacre,2021
574,Safer at Home,2021
575,The Choe Show,2021
576,False Positive,2021
577,Junior Chef Showdown,2020
578,The Chris Rock Show,1997
579,When Nature Calls With Helen Mirren,2021
580,Elvis Presley: The Searcher,2018
581,Battle Over Britney: The Conservatorship Hearing,2021
582,Capital One: College Bowl,2021
583,Motherland: Fort Salem,2020
584,Monster Trucks,2017
585,Blood on the Wall,2020
586,Cutthroat Kitchen,2013
587,Family Home Overhaul,2020
588,Farmhouse Facelift,2021
589,Hot Market,2020
590,Switched at Birth,2011
591,Worst Cooks in America,2010
592,The Guilt Trip,2012
593,Juneteenth: Together We Triumph -- A Soul of a Nation Special Event,2021
594,Rise Again: Tulsa and the Red Summer,2021
595,The Doorman,2020
596,The Hustler,2021
597,ABC Nightline,1980
598,DAVE,2020
599,Jóvenes y Rebeldes,1999
600,Phobias,2021
601,Accused: Guilty or Innocent?,2020
602,Alone,2015
603,Alone: The Beast,2020
604,America: Our Defining Hours,2020
605,Born to Play,2020
606,Dance Moms,2010
607,Duck Dynasty,2012
608,Forged in Fire,2015
609,Gone Girl,2014
610,Her Deadly Sugar Daddy,2020
611,Her Name Is Chef,2021
612,Married at First Sight,2014
613,Michael Smerconish: Things I Wish I Knew Before I Started Talking,2020
614,Mountain Men,2013
615,Nasrin,2020
616,The Celebrity Dating Game,2021
617,The Obituary of Tunde Johnson,2019
618,Rūrangi,2021
619,The Housewife and the Hustler,2021
620,Blindspotting,2021
621,Willy's Wonderland,2021
622,UFC 263,2021
623,Come True,2020
624,"Love, Victor",2020
625,Pride on ABC News Live,2021
626,The Real Housewives of Potomac,2016
627,The Real Rebel: The Erin Brockovich Story,2021
628,House Rules,2020
629,MasterChef,2010
630,Sarah Beeny's Renovate Don't Relocate,2019
631,The Great House Revival,2018
632,Trust,2021
633,Two of Us,2019
634,Lego Masters,2020
635,The Croods: A New Age,2020
636,Hell's Kitchen,2005
637,Killer Women with Piers Morgan,2017
638,The American Royal Baby,2021
639,The Chase,2021
640,The Insider: Reggie Yates,2016
641,Tom Kerridge's American Feast,2019
642,Little Birds,2020
643,The Kings,2021
644,Juan Luis Guerra 4.40: Entre Mar y Palmeras,2021
645,Quest for the Stanley Cup,2018
646,A Glitch in the Matrix,2021
647,Night of the Kings,2020
648,America's Got Talent,2006
649,E60,2017
650,American Ninja Warrior,2012
651,Bloody Sunday,2002
652,Changing the Game,2021
653,Drag SOS,2019
654,Fun in Acapulco,1963
655,Hanging Up,2000
656,HouseBroken,2021
657,Hud,1963
658,Inside Missguided,2020
659,Into,2020
660,Last Chance Harvey,2008
661,Revolutionary Road,2008
662,Rules Of Engagement,2000
663,Savage State,2019
664,Sex Party 101,2019
665,Silence,2016
666,Switchback,1997
667,The Adventures of Tintin: The Secret of the Unicorn,2011
668,The Cookout,2004
669,The Love Letter,1999
670,The Time Machine,2002
671,To Die For,1995
672,Walking Tall,1973
673,Wayne's World 2,1993
674,Young Adult,2011
675,Duncanville,2020
676,The Donut King,2020
677,The World to Come,2020
678,Lavell Crawford: The Comedy Vaccine,2021
679,My 600-lb Life,2014
680,The Vigil,2019
681,Unusual Suspects,2010
682,Unusual Suspects: Deadly Intent,2017
683,Crime Scene Kitchen,2021
684,Narco Wars,2020
685,Press Your Luck,2019
686,"The $100,000 Pyramid",2016
687,The Bachelor,1999
688,The Bold Type,2017
689,After Floyd: The Year that Shook the World,2021
690,Mike Tyson: The Knockout,2021
691,Mr Inbetween,2018
692,Baewatch: Parental Guidance,2019
693,Escape from the City,2019
694,The Farmer Wants A Wife,2007
695,The Ultimate Fighter,2013
696,Vanguard,2020
697,Flatbush Misdemeanors,2021
698,Marvel's M.O.D.O.K.,2021
699,Red Dawn,2012
700,Tulsa's Buried Truth,2021
701,My Little Pony: Pony Life en Español,2020
702,Supernova,2020
703,Supernova en Español,2020
704,Death and Nightingales,2018
705,A Perfect Ending,2012
706,ABC News Live Honors Asian Pacific American Heritage Month: Bridging Generations,2021
707,Cowboys,2020
708,Galacticos,2021
709,Good Kisser,2019
710,LaLiga Center,2019
711,LaLiga Top Moments,2019
712,Mosquita y Mari,2012
713,Pride,2021
714,Reaching for the Moon,2013
715,The Mountain Between Us,2017
716,Tru Love,2013
717,UFC 262,2021
718,United States of LaLiga,2019
719,MLK/FBI,2020
720,Saint Maud,2019
721,Some Kind of Heaven,2020
722,The Crime of the Century,2021
723,Robot & Frank,2012
724,Little Fish,2020
725,Eyewitness to a Pandemic,2020
726,Looking For Lady Day,2021
727,"Total Recall(ed): The Story of America's Largest, Wildest Recall Election",2021
728,Shadow in the Cloud,2020
729,Skyfall,2012
730,Deadly Women,2013
731,Homicide Hunter,2013
732,Love Sarah,2020
733,Naked and Afraid,2013
734,Pikwik Pack,2020
735,The Legend of Baron To'a,2020
736,Flight,2012
737,An Elephant's Journey,2017
738,Are You the One?,2014
739,Bad Girls Club,2006
740,Blast From the Past,1999
741,Blind Date,2019
742,Blue Chips,1994
743,Bound,1996
744,Dating: No Filter,2019
745,Dr. Bird's Advice for Sad Poets,2021
746,Grudge Match,2013
747,I Am Cait,2015
748,I Love You Phillip Morris,2010
749,Junior,1994
750,Married to Medicine,2013
751,Resident Evil: Apocalypse,2004
752,Resident Evil: Extinction,2007
753,Shahs of Sunset,2012
754,Texicanas,2019
755,The Age of Adaline,2015
756,The Indian in the Cupboard,1995
757,The Jackal,1997
758,We Were Soldiers,2002
759,The Judge,2014
760,The Night,2020
761,Presidential Address to Congress and the Nation and the Republican Response,2021
762,Arrival,2016
763,The Handmaid's Tale,2017
764,Sesame Street: 50 Years of Sunny Days,2021
765,Exposure,2021
766,Una Familia Moderna,2014
767,Wild Mountain Thyme,2020
768,UFC 261: Early Prelims and Prelims,2021
769,Billie,2019
770,Better Days,2019
771,Breaking Fast,2020
772,Greta Thunberg: A Year to Change the World,2021
773,Cruel Summer,2021
774,It's Not Too Late: Earth Day Special,2021
775,Memories of Murder,2003
776,More in Common,2020
777,Sasquatch,2021
778,Set the Record Straight: The Jam Master Jay Case,2021
779,The Lynching of Henry ‘Peg’ Gilbert,2020
780,Confronting a Serial Killer,2021
781,Modern Persuasion,2020
782,Sister of the Groom,2020
783,The New Electric Company,2009
784,Celebrity Best Home Cook,2021
785,Fly Like a Girl,2020
786,Songbird,2021
787,Deep in Vogue,2019
788,The Life And Legend Of Wyatt Earp,1955
789,The Real Housewives of Beverly Hills,2010
790,The State of Texas vs. Melissa,2020
791,Valley Grown,2020
792,Younger,2015
793,The First 100 Days: President Biden Takes Office,2021
794,The First 100 Days: Rep. Nancy Mace and Rep. Marilyn Strickland,2021
795,Cleveland Clinic: A Century of Care,2021
796,Paranormal Activity 4,2012
797,Spontaneous,2020
798,ABC This Week,1933
799,ABC World News Tonight With David Muir,1953
800,Knuckledust,2020
801,Everything's Gonna Be Okay,2020
802,Hope & Desperation: Emergency at the Border,2021
803,"Quo Vadis, Aida?",2020
804,Stars Fell on Alabama,2021
805,The Bridge,2013
806,The Standard,2020
807,The World Ends with You: The Animation,2021
808,A Christmas Hero,2020
809,Crock of Gold: A Few Rounds With Shane MacGowan,2020
810,Ip Man: Kung Fu Master,2019
811,Girl,2020
812,Malika the Lion Queen,2021
813,Megalobox,2018
814,The Masters,2008
815,Blair Witch,2016
816,Hysterical,2021
817,Law & Order: Organized Crime,2021
818,The Real Housewives of New York City,2008
819,WeWork: or The Making and Breaking of a $47 Billion Unicorn,2021
820,28 Days Later,2003
821,A Hologram for the King,2016
822,Amy Schumer Learns to Cook,2020
823,Assume the Position with Mr. Wuhl,2006
824,Blippi's Great Green Adventure,2021
825,Caribbean Life,2014
826,Chappaquiddick,2017
827,Chopped,2000
828,Chopped Sweets,2019
829,"Diners, Drive-Ins and Dives",2006
830,Extreme Makeover: Home Edition,2020
831,Guy's Grocery Games,2013
832,My Little Pony: Pony Life,2020
833,Naked and Afraid XL,2015
834,Say Yes to the Dress,2014
835,Second Act,2018
836,Shrek 2,2004
837,Shrek 2 (en Español),2004
838,Sleeping with the Enemy,1991
839,So I Married An Axe Murderer,1993
840,Step Up Revolution,2012
841,The Black Full Monty,2020
842,Tournament of Champions,2020
843,Undercover Billionaire,2019
844,Unikitty,2017
845,Vegas Chef Prizefight,2020
846,Zappa,2020
847,Juda,2017
848,ABCNL Prime With Linsey Davis,2020
849,All of Us,2003
850,RuPaul's Drag Race All Stars,2012
851,My Hero Academia,2016
852,5 Years Apart,2019
853,Blood Moon,2021
854,Solar Opposites,2020
855,The Hurricane Heist,2018
856,Collective,2019
857,Shortcut,2020
858,The Orange Years: The Nickelodeon Story,2018
859,100% Wolf,2020
860,Breeders,2020
861,Genius,2017
862,Teen Wolf,2011
863,The Gloaming,2020
864,Catfish: The TV Show,2012
865,Hunter Hunter,2020
866,Odd Man Rush,2020
867,ABC News Exclusive: President Joe Biden with George Stephanopoulos,2021
868,TrueSouth,2018
869,Holmes Family Effect,2021
870,Mayans M.C.,2018
871,America's Most Wanted,2021
872,Staged,2020
873,1 Night in San Diego,2020
874,Another Round,2020
875,Another Time,2018
876,Back in Time,2015
877,Constructing Albert,2017
878,Corporate Animals,2019
879,Crown Vic,2019
880,GameStopped,2021
881,Get Big,2017
882,Grand Isle,2019
883,H. H. Holmes: Original Evil,2018
884,Intersect,2020
885,Missing 411: The Hunted,2019
886,Naughty Books,2020
887,People of Earth,2016
888,Roadies,2016
889,Robert the Bruce,2019
890,Sister Aimee,2019
891,Terminator: The Sarah Connor Chronicles,2008
892,The Man Who Killed Don Quixote,2018
893,The Stand: How One Gesture Shook the World,2020
894,Blood and Money,2020
895,Buddy Games,2020
896,32 Seconds: A Deadly Night in Rome,2020
897,Farewell Amor,2020
898,I Met a Girl,2020
899,Kid 90,2021
900,Black Death,2021
901,Game of Talents,2021
902,My So-Called Life,1994
903,The Split,2018
904,Heartland,2007
905,Absolutely Ascot,2018
906,Dress to Impress,2017
907,Felicity,1998
908,Bart & Hahn,2021
909,Blossom,1991
910,Good Girls,2018
911,GREENY,2020
912,Jorge Ramos y su Banda,2009
913,Shipwrecked 2019,2019
914,Stephen A's World,2021
915,Proxima,2019
916,Storks,2016
917,Triggered,2020
918,Ammonite,2020
919,Beirut,2018
920,Boss Level,2021
921,Dear Santa,2020
922,Iron Mask,2019
923,Step Up: High Water,2018
924,Stop the Hate: The Rise in Violence Against Asian Americans,2021
925,Soul of a Nation,2021
926,Top Chef,2006
927,Attack of the 50 Foot Cheerleader,2012
928,Blippi,2016
929,CoComelon,2020
930,Just Married,2003
931,Little Baby Bum,2017
932,Neil Young: Heart of Gold,2006
933,Priceless,2016
934,Florence Foster Jenkins,2016
935,Jersey Shore: Family Vacation,2018
936,SportsNation,2021
937,The Challenge,1998
938,The United States vs. Billie Holiday,2021
939,Stardust,2020
940,Beartown,2021
941,Dredd,2012
942,Spring Baking Championship,2015
943,Supervillain: The Making of Tekashi 6ix9ine,2021
944,A Conversation With Black Women,2021
945,"ABC News Live Presents: Mission to Mars, Live!",2021
946,Good Trouble,2019
947,Sonic the Hedgehog,2020
948,The March on Washington: Keepers of the Dream,2021
949,Kenan,2021
950,Logan Lucky,2017
951,"Bad Habits, Holy Orders",2017
952,Keeping Up With the Kardashians,2007
953,North Korea: Inside the Mind of a Dictator,2021
954,The Warrior Queen of Jhansi,2019
955,Trump: The Reckoning,2021
956,60 Days In,2016
957,Ancient Aliens,2010
958,Bride and Prejudice: Forbidden Love,2020
959,Forged in Fire: Beat the Judges,2020
960,House Hunters,1999
961,House Hunters International,2006
962,Kings of Pain,2019
963,Lost Girls & Love Hotels,2020
964,Mommy is a Murderer,2020
965,Pawn Stars,2009
966,Property Brothers,2011
967,Southern Gothic,2020
968,Tempted by Danger,2020
969,The Secret of Skinwalker Ranch,2020
970,The Shape of Water,2017
971,The UnXplained,2019
972,Witches of Salem,2019
973,Crshd,2019
974,Men in Kilts: A Roadtrip with Sam and Graham,2021
975,A Conversation Between Black Men,2021
976,Havana Street Party Presents: Beatriz Luengo,2021
977,Hip Hop Uncovered,2021
978,2067,2020
979,Line of Duty,2012
980,Tentacles,2021
981,You're Next,2011
982,Black Love,2017
983,Then Came You,2020
984,OnlyFans: Selling Sexy,2021
985,Moesha,1996
986,"Sister, Sister",1994
987,Harrow,2018
988,Beach Rats,2018
989,Antebellum,2020
990,Black Stories Presents: Your Attention Please,2020
991,Dear Comrades!,2020
992,12 Hour Shift,2020
993,Kindred,2020
994,Modern Family,2009
995,Our America: Living While Black,2020
996,Good Morning America,1975
997,The School That Tried to End Racism,2020
998,Baldwin Hills,2007
999,Being Mary Jane,2013
1000,Black Ink Crew,2013
1001,College Hill,2007
1002,"Hello, My Name Is Doris",2015
1003,Love & Hip Hop Atlanta,2013
1004,Possessor,2020
1005,The Game,2021
1006,The Haunting in Connecticut,2009
1007,The Lady And The Dale,2021
1008,You Laugh But It's True,2011
1009,The Undefeated,2017
1010,Jann,2019
1011,Notturno,2020
1012,Mixed-ish,2019
1013,The Guest Book,2017
1014,9-1-1: Lone Star,2020
1015,Freaks and Geeks,1999
1016,Ingrid Goes West,2017
1017,Painting With John,2021
1018,Derek DelGaudio’s In & Of Itself,2021
1019,Terra Willy: Unexplored Planet,2019
1020,The Sister,2021
1021,The Tax Collector,2020
1022,To Catch a Smuggler,2020
1023,90 Day Fiancé: Self-Quarantined,2020
1024,A Very Brady Renovation,2019
1025,Car Kings,2020
1026,Gold Rush,2010
1027,Prodigal Son,2019
1028,Property Brothers: Forever Home,2019
1029,Rob Riggle: Global Investigator,2020
1030,Rock the Block,2019
1031,Save My Skin,2020
1032,The Inauguration of Joseph R. Biden Jr.,2021
1033,Hollyoaks,1995
1034,Is It Wrong to Try to Pick Up Girls in a Dungeon?,2015
1035,No Escape,2020
1036,Coronation Street,1960
1037,Endlings,2020
1038,The Secrets We Keep,2020
1039,Trafficked with Mariana van Zeller,2020
1040,Dogs Playing Poker,2021
1041,Everyone is Doing Great,2021
1042,Unpolished,2019
1043,24 Hours: Assault on the Capitol,2021
1044,Last Man Standing,2011
1045,Lights Out,2016
1046,The Rhythm Section,2020
1047,Mushoku Tensei: Jobless Reincarnation,2021
1048,HoriMiya,2021
1049,WWE 205 Live,2016
1050,WWE en Español,2012
1051,Celebrity Wheel of Fortune,2021
1052,Celebs Go Dating,2016
1053,Mr. Mayor,2021
1054,Tattoo Fixers Extreme UK,2018
1055,Gretel & Hansel,2020
1056,Name That Tune,2021
1057,Vanderpump Rules,2013
1058,WWE Main Event,2012
1059,WWE NXT,2010
1060,Gordon Ramsay's American Road Trip,2021
1061,Mighty Oak,2020
1062,The Promised Neverland,2019
1063,30 Coins,2020
1064,The Wall,2017
1065,WWE Monday Night Raw,1993
1066,Call Me Kat,2021
1067,Attila the Hun,2001
1068,Centennial,1978
1069,Criminal Minds,2005
1070,Diary of a Wimpy Kid,2010
1071,Donnie Brasco,1997
1072,Down To Earth: The Astronaut Perspective,2021
1073,Fire Force,2019
1074,Footloose,1984
1075,Hell or High Water,2016
1076,How Do You Know,2010
1077,Rules of Engagement,2007
1078,Save Yourselves!,2020
1079,Shrek,2001
1080,Star Trek Beyond,2016
1081,Super Dark Times,2017
1082,Tales of Wells Fargo,1957
1083,The Haunting,1999
1084,Where Hope Grows,2015
1085,Bayou Caviar,2018
1086,Inside the College Football Playoff,2019
1087,Pilgrimage,2017
1088,The Limehouse Golem,2017
1089,The Osiris Child,2017
1090,The Year: 2020,2020
1091,The Masked Dancer,2020
1092,American Animals,2018
1093,Letterkenny,2016
1094,I.T.,2016
1095,Soldiers of Fortune,2012
1096,Ottolenghi and the Cakes of Versailles,2020
1097,The Owners,2020
1098,Someone Marry Barry,2014
1099,The Little Hours,2017
1100,You Cannot Kill David Arquette,2020
1101,NOS4A2,2019
1102,Adoption Day,2020
1103,Best Animal Friends,2020
1104,Comeback Kids,2020
1105,First Taste Of Freedom,2020
1106,Rescued,2020
1107,Reunited,2020
1108,Spree,2020
1109,The Hero,2017
1110,The Jinkx & DeLa Holiday Special,2020
1111,Happiest Season: Holiday Yule Log Scenic,2020
1112,Up Early Tonight,2020
1113,Au Pair 3: Adventure in Paradise,2009
1114,Dirt Music,2019
1115,Once Upon a Time in Venice,2017
1116,The Evil in Us,2016
1117,The Rewrite,2015
1118,The Shot: Race for the Vaccine -- A Special Edition of 20/20,2020
1119,Endless,2020
1120,Rent-a-Pal,2020
1121,Robin Roberts Thrivership Awards,2020
1122,Rogue,2020
1123,Spy Cat,2018
1124,The Fairy Princess and the Unicorn,2019
1125,Valley Girl,2020
1126,Attack on Titan,2013
1127,How to Fake a War,2019
1128,The Secret Garden,2020
1129,Your Honor,2020
1130,Black Ops,2019
1131,God's Own Country,2017
1132,It Had to Be You,2016
1133,Mr. Jones,2020
1134,Waiting for the Barbarians,2019
1135,Brassic,2019
1136,Deutschland 89,2020
1137,MACHO: THE HECTOR CAMACHO STORY,2020
1138,She Dies Tomorrow,2020
1139,The Hardy Boys,2020
1140,Rebuilding Paradise,2020
1141,Angels & Demons,2009
1142,Euphoria,2017
1143,Future-Worm!,2016
1144,Kick Buttowski: Suburban Daredevil,2011
1145,Lupin the 3rd Part 5,2018
1146,Pickle and Peanut,2015
1147,Shared Rooms,2016
1148,The Da Vinci Code,2006
1149,The Perfect Wedding,2012
1150,Wander Over Yonder,2015
1151,Zeke and Luther,2009
1152,The Big Ugly,2020
1153,Blippi's Snowflake Scavenger Hunt,2020
1154,Centigrade,2020
1155,Bombshell,2019
1156,Happiest Season,2020
1157,Peyton's Places,2019
1158,UFC 252,2020
1159,Black Narcissus,2020
1160,Between the World and Me,2020
1161,The Great American Baking Show: Holiday Edition,2016
1162,Burden of Truth,2018
1163,Animaniacs,2020
1164,Run.,2020
1165,Tesla,2020
1166,The Mole Agent,2020
1167,Amulet,2020
1168,For Life,2020
1169,Stand Up for Heroes,2020
1170,A3!,2019
1171,Body Cam,2020
1172,McQueen,2018
1173,69: The Saga of Danny Hernandez,2020
1174,12 Pups of Christmas,2019
1175,A Christmas Movie Christmas,2019
1176,A Nice Girl Like You,2020
1177,Christmas Crush,2019
1178,Knuckleball!,2012
1179,Ramen Heads,2017
1180,Roller Dreams,2017
1181,Search and Destroy,2020
1182,Skin: A History of Nudity in the Movies,2020
1183,"Soul On Ice: Past, Present and Future",2016
1184,Spring,2015
1185,Suburban Gothic,2015
1186,The Blood Is At the Doorstep,2017
1187,The Maid's Room,2013
1188,The Reagans,2020
1189,ULAM: Main Dish,2018
1190,The Dictator,2012
1191,The Sunlit Night,2020
1192,12 Years a Slave,2013
1193,A Sap Story,2016
1194,Gingerbread Home Remodel,2016
1195,I Am Greta,2020
1196,I Am Greta (Swedish Narration),2020
1197,Library Cheer,2018
1198,Puppies Crash Christmas,2017
1199,Sputnik,2020
1200,Stuck Santa,2016
1201,The Gathering,2018
1202,The Secret Life of Walter Mitty,2013
1203,Total Bellas,2016
1204,Two Tickets to Christmastown,2016
1205,Chicago Fire,2012
1206,Chicago Med,2015
1207,Chicago P.D.,2013
1208,Entre Nos: About Last Night,2019
1209,The Man Who Invented Christmas,2017
1210,Country Strong 2020: Countdown to the CMA Awards -- An ABC News Special,2020
1211,Eater's Guide to the World,2020
1212,Tonight You're Mine,2011
1213,Small Business Revolution - Main Street,2016
1214,Vic the Viking and the Magic Sword,2019
1215,The Day I Became a God,2020
1216,The Nice Guys,2016
1217,Moonbase 8,2020
1218,Akudama Drive,2020
1219,Bare Knuckle,2018
1220,Money Plane,2020
1221,The Cult of the Family,2019
1222,Killing Eve,2018
1223,Kuma Kuma Kuma Bear,2020
1224,Our Last Crusade or the Rise of a New World,2020
1225,The Real Housewives of New Jersey,2009
1226,Braking for Whales,2020
1227,"Your Voice, Your Vote: Election 2020 - A Special Edition of 20/20",2020
1228,By the Grace of the Gods,2020
1229,General Commander,2020
1230,Secret Life of a Gang Girl: The Untold Story,2019
1231,The Assault,2017
1232,The Good Doctor,2017
1233,The Real Housewives of Atlanta,2008
1234,The Irregular at Magic High School,2014
1235,Wandering Witch: The Journey of Elaina,2020
1236,A Christmas Solo,2017
1237,All Summers End,2017
1238,Avenues,2017
1239,Ayesha's Home Kitchen,2017
1240,Baby Steps,2017
1241,Best Baker in America,2017
1242,Brand New Old Love,2018
1243,Christmas Cookie Challenge,2017
1244,Christmas on Holly Lane,2018
1245,Daphne,2017
1246,Delirium,2018
1247,Elf,2003
1248,Firewalker,1986
1249,Flip or Flop Fort Worth,2017
1250,Giada's Holiday Handbook,2015
1251,Good Will Hunting,1997
1252,Holiday Gingerbread Showdown,2018
1253,Hollow Man,2000
1254,Mapplethorpe (Director's Cut),2021
1255,Never Been Kissed,1999
1256,Paws P.I.,2018
1257,Rag Doll,2019
1258,Rick and Morty,2013
1259,Shangri-La Suite,2016
1260,Skins UK,2007
1261,The Expendables,2010
1262,The Expendables 2,2012
1263,The Expendables 3,2014
1264,The Night Watchmen,2017
1265,Wetlands,2017
1266,Attaway General,2020
1267,Chicken Girls,2017
1268,Citizen Bio,2020
1269,City So Real,2020
1270,Superstore,2015
1271,American Housewife,2016
1272,Bad Therapy,2020
1273,America's Future: The Power of the Latino Vote,2020
1274,This Is Us,2016
1275,Alice In Paris,2017
1276,Baking It Easy,2019
1277,Basic Versus Baller: Travel at Any Cost,2017
1278,Behind The Dish,2017
1279,Lightened Up,2020
1280,Make This Tonight,2017
1281,Sourced,2017
1282,Struggle Meals,2018
1283,The Grill Iron,2017
1284,The Women Who Run,2020
1285,Burger Scholar Sessions,2020
1286,Hot Ones,2020
1287,What to Expect When You're Expecting,2012
1288,American Pickers,2010
1289,Bad Hair,2020
1290,Behind Bars: Rookie Year,2015
1291,Beyond the Headlines: Escaping the NXIVM Cult with Gretchen Carlson,2019
1292,Born Behind Bars,2018
1293,Cheerleader Generation,2019
1294,Crazy Love,2017
1295,Dating App Horrors: The Untold Story,2019
1296,I Was a Child Bride: The Untold Story,2019
1297,Lost Gold of World War II,2019
1298,Meghan and Harry: Baby Fever,2019
1299,My Sordid Affair,2017
1300,Sex for Sale: The Untold Story,2019
1301,Storage Wars,2010
1302,AMS: The Fight for Flight,2018
1303,"Cyrano, My Love",2018
1304,Madagascar: A Little Wild - A Fang-Tastic Halloween,2020
1305,The Broken Land,1962
1306,Celeste & Jesse Forever,2012
1307,"F*ck, That's Delicious",2016
1308,Hannibal,2013
1309,The Voice,2011
1310,Totally Under Control,2020
1311,Supermarket Sweep,2020
1312,Friend Request,2016
1313,Seduced: Inside the NXIVM Cult,2020
1314,Mr. Pickles,2013
1315,Bad Hombres,2020
1316,Earth to Echo,2014
1317,Emperor,2020
1318,Helstrom,2020
1319,Mona Lisa Smile,2003
1320,QT8: The First Eight,2019
1321,Life Without Basketball,2019
1322,The Con,2020
1323,The Purge,2018
1324,The Purge en Español,2018
1325,Treadstone,2019
1326,Treadstone en Español,2019
1327,Hotel Transylvania,2012
1328,Inside Mayweather vs. Pacquiao,2015
1329,NEXT,2020
1330,SCB: Davis vs. Walsh,2017
1331,Tayo the Little Bus,2010
1332,Infamous,2020
1333,Entre Nos Presents: Shayla Rivera: It's Not Rocket Science,2020
1334,High Fidelity,2000
1335,Surrogates,2009
1336,Terminator: Dark Fate,2019
1337,Books of Blood,2020
1338,Black-ish,2014
1339,Colossal,2016
1340,Dragon Ball Super,2015
1341,The Comedy Store,2020
1342,Dragon Quest: The Adventure of Dai,2020
1343,Let's Be Real,2020
1344,Monsterland,2020
1345,UFC Fight Island: Declassified,2020
1346,90 Day Fiancé,2014
1347,90 Day Fiancé: Before the 90 Days,2017
1348,Across the Line,2015
1349,Bizarre Foods With Andrew Zimmern,2006
1350,Blade: Trinity,2004
1351,Boonie Bears: The Big Shrink,2018
1352,Dr. Pimple Popper,2018
1353,Guess Who,2005
1354,Halloween Baking Championship,2015
1355,Halloween Wars,2011
1356,Higurashi When They Cry,2020
1357,Homicide City: Charlotte,2019
1358,Judy & Punch,2019
1359,Kindred Spirits (2019),2019
1360,Moonshiners: Master Distiller,2020
1361,My Feet Are Killing Me,2019
1362,Next Level,2019
1363,Sex Ed,2014
1364,Spider-Man 3,2007
1365,Stripped: Los Angeles,2020
1366,Supermarket Stakeout,2019
1367,Swimming for Gold,2020
1368,The Express,2008
1369,The Sandman,2017
1370,Twisted Love,2020
1371,Soccer Made In Germany,2020
1372,Weakest Link,2020
1373,Inherit the Viper,2019
1374,Trauma Center,2019
1375,UFC Ultimate Knockouts,2014
1376,Fargo,2014
1377,A Wilderness of Error,2020
1378,Judy,2019
1379,S.W.A.T.,2017
1380,S.W.A.T. en Español,2017
1381,I Can See Your Voice,2020
1382,The Apartment (TV),2018
1383,Cosmos: Possible Worlds,2020
1384,If Loving You Is Wrong,2014
1385,Boonie Bears: Spring into Action,2018
1386,Filthy Rich,2020
1387,The Addams Family,2019
1388,ESPN FC,2013
1389,Stars and Strife,2020
1390,The Haunted,2018
1391,Babyteeth,2019
1392,Bless the Harts,2019
1393,Buttons: A Christmas Tale,2018
1394,Gemini Man,2019
1395,Sherman's Showcase,2019
1396,StarDog and TurboCat,2019
1397,The Fight,2020
1398,The Master of Disguise,2002
1399,My Soul to Take,2010
1400,A.C.O.R.N.S: Operation Crack Down,2015
1401,Ozzy,2016
1402,The 3 Knockdown Rule,2020
1403,The Etruscan Smile,2018
1404,Pororo the Little Penguin,2013
1405,Bin Laden's Hard Drive,2020
1406,Pop Goes the Vet,2020
1407,Prisoners,2013
1408,Woke,2020
1409,This is How U Hulu,2019
1410,Awoken,2019
1411,Power Book II: Ghost,2020
1412,Hooking Up,2020
1413,Vacation In Place,2020
1414,First Day,2020
1415,Anthropoid,2016
1416,Hell on the Border,2019
1417,I Feel Pretty,2018
1418,Mike Tyson Mysteries,2014
1419,Mississippi Burning,1989
1420,Playmobil: The Movie,2019
1421,Rambo,2008
1422,Strike,2018
1423,The Festival,2018
1424,Trolls World Tour,2020
1425,I'll Be Gone In The Dark,2019
1426,Primal,2019
1427,The Courier,2019
1428,The Binge,2020
1429,Bucket List Bistro,2020
1430,Dark Side of the Ring: After Dark,2020
1431,Nazi Megastructures,2013
1432,Find Me in Paris,2018
1433,Daffodils,2019
1434,ThunderCats (1985),1985
1435,ThunderCats (2011),2011
1436,Unacknowledged: An Exposé of the Greatest Secret in Human History,2017
1437,The Cup,2012
1438,Behind You,2020
1439,Christina on the Coast,2019
1440,Mediterranean Life,2017
1441,Savage Kingdom,2016
1442,Before Midnight,2013
1443,Bernie the Dolphin 2,2019
1444,Come As You Are,2019
1445,Our Time: Oklahoma State Football,2020
1446,Alive and Kicking,2016
1447,Hard Night Falling,2019
1448,Lucky Day,2019
1449,No Guns Life,2019
1450,Coda,2019
1451,DECA-DENCE,2020
1452,Mission Overview: NASA’s Perseverance Mars Rover,2020
1453,NASA Science Live: Perseverance Mars Rover & the Search for Ancient Life,2020
1454,Slay the Dragon,2019
1455,The Peanut Butter Falcon,2019
1456,The Kids Are Alright,2018
1457,Dora and the Lost City of Gold,2019
1458,Jerry Garcia: It's Not My Weekend,2019
1459,Ordinary Love,2019
1460,Shark vs. Surfer,2020
1461,'71,2014
1462,Are We Done Yet?,2007
1463,City Slickers,1991
1464,El embarcadero,2019
1465,Elena Undone,2010
1466,Free Fall,2013
1467,Gayby,2012
1468,Hurricane Bianca,2016
1469,Just Charlie,2018
1470,La Bella Ceci Y El Imprudente,2009
1471,Pit Stop,2013
1472,Rustlers' Rhapsody,1985
1473,Safe,2012
1474,Sordid Lives,2000
1475,Teen Titans Go!,2015
1476,The Last Stand,2013
1477,Ultraviolet,2006
1478,United Sharks of America: Shark Bite Capitals,2020
1479,Were The World Mine,2008
1480,A Certain Scientific Railgun,2009
1481,Mega Hammerhead: Ultimate Predator,2020
1482,The Wretched,2019
1483,America's Caddie,2020
1484,Bull,2019
1485,In My Skin,2018
1486,The Flood,2019
1487,What the Shark?,2020
1488,Cocoa Butter's The Era,2019
1489,Ladhood,2019
1490,Shark vs. Whale,2020
1491,Tasty's Making It Big,2018
1492,Borderforce USA,2018
1493,Maxxx,2020
1494,Good Deeds,2012
1495,Jamie: Keep Cooking and Carry On,2020
1496,Raging Bull Shark,2020
1497,World's Biggest Great White? Expedition Hawaii,2020
1498,2099: The Soldier Protocol,2019
1499,Own the Sky,2019
1500,Rattlesnakes,2019
1501,Zoo-Head,2019
1502,Auditions,2020
1503,Most Wanted Sharks,2020
1504,Sharkcano,2020
1505,Sharks vs. Dolphins: Blood Battle,2020
1506,The Last Full Measure,2019
1507,When Sharks Attack,2018
1508,The Assistant,2019
1509,World's Biggest Tiger Shark?,2020
1510,Marianne & Leonard: Words of Love,2019
1511,Bong Appetit,2017
1512,Ana,2020
1513,The Current Occupant,2020
1514,The Pickup Game,2019
1515,The Wolf Hour,2019
1516,We Are Freestyle Love Supreme,2020
1517,The Traitor,2019
1518,The Weekend,2018
1519,My Scientology Movie,2017
1520,China: The Panda Adventure,2001
1521,Horses: The Story of Equus IMAX,2002
1522,Superpower Dogs,2019
1523,The New York Times Presents,2020
1524,The Secret of Life on Earth,1993
1525,Black Butler,2008
1526,Dicktown,2020
1527,Sea Fever,2019
1528,The Fosters,2013
1529,EvanTubeHD Smiles & Smarts by pocket.watch,2015
1530,HobbyKidsTV Smiles & Smarts by pocket.watch,2019
1531,I Am Not Your Negro,2016
1532,Jason Vlogs Smiles & Smarts by pocket.watch,2019
1533,Jillian's Mystery Craft Box by pocket.watch,2020
1534,JillianTubeHD Smiles & Smarts by pocket.watch,2016
1535,Karina Garcia Smiles & Smarts by pocket.watch,2017
1536,KidCity Smiles & Smarts by pocket.watch,2017
1537,MarMar Land Smiles & Smarts by pocket.watch,2020
1538,Onyx Family Smiles & Smarts by pocket.watch,2017
1539,Ryan's World Specials presented by pocket.watch,2019
1540,Scratch Garden Smiles & Smarts by pocket.watch,2020
1541,The Other Lamb,2019
1542,The House That Jack Built,2018
1543,The Whistlers,2019
1544,1000-lb Sisters,2020
1545,90 Day Fiancé: The Other Way,2019
1546,Buddy vs. Duff,2019
1547,"Burgers, Brew & 'Que",2015
1548,Chris Farley: Anything for a Laugh,2019
1549,Citizen Soldier,2016
1550,Danger Close,2017
1551,Family by the Ton,2019
1552,Ghost Hunters,2019
1553,Intervention,2005
1554,Married at First Sight: Jamie and Doug Plus One,2017
1555,Psychic Kids,2019
1556,Rebel in the Rye,2017
1557,Say Yes to the Nest,2019
1558,The American Farm,2019
1559,The Cured,2017
1560,The Day I Picked My Parents,2019
1561,The Grill Dads,2017
1562,The Hornet's Nest,2014
1563,The Strongest Man in History,2019
1564,The Toe Bro,2019
1565,Unexpected,2017
1566,Welcome to Plathville,2019
1567,Mission: Impossible - Ghost Protocol,2011
1568,The Gallows Act II,2019
1569,The Postcard Killings,2020
1570,Carrion,2020
1571,Digimon Adventure:,2020
1572,Wild Nights With Emily,2018
1573,Merlin,2008
1574,Once Were Brothers: Robbie Robertson and The Band,2019
1575,The Rape of Recy Taylor,2017
1576,UFC 250,2020
1577,XX,2017
1578,Juneteenth: A Celebration of Overcoming,2020
1579,Buffaloed,2019
1580,Crawl,2019
1581,Drug Lords: The Next Generation,2020
1582,Taste the Nation with Padma Lakshmi,2020
1583,Sweet Home Sextuplets,2018
1584,Brockmire,2017
1585,Forensic Files,1996
1586,George to the Rescue,2010
1587,Your Home Made Perfect,2019
1588,Pan,2015
1589,The Dustwalker,2019
1590,Eye In The Sky,2015
1591,Child's Play,2019
1592,Clemency,2019
1593,Crossing Swords,2020
1594,Good Boy,2020
1595,LA 92,2017
1596,Soccer,2017
1597,A Beautiful Planet,2016
1598,Destiny in Space,1994
1599,Fires of Kuwait,1992
1600,Galapagos,1999
1601,IMAX: T-Rex: Back to the Cretaceous,1998
1602,Into the Deep,1994
1603,Journey to the South Pacific,2013
1604,Pandas,2018
1605,Space Station,2002
1606,Survival Island,1996
1607,The Dream Is Alive IMAX,1985
1608,Tyler Perry's The Haves and the Have Nots,2013
1609,Why We Fight,2017
1610,Absolute Boyfriend,2019
1611,Where's Waldo?,2019
1612,Frankie,2019
1613,Shirley,2020
1614,The Paynes,2018
1615,And We Go Green,2019
1616,Miss Snake Charmer,2018
1617,A Beautiful Day in the Neighborhood,2019
1618,Hard,2020
1619,4th Man Out,2015
1620,Above and Beyond,2014
1621,Almost Adults,2016
1622,Childrens Hospital,2010
1623,Community en Español,2009
1624,Dirty Dancing: Havana Nights,2004
1625,Equilibrium,2002
1626,Hail Columbia!,1982
1627,Happily N'Ever After,2007
1628,Inside 30 for 30,2020
1629,Just Eat It: A Food Waste Story,2014
1630,Maximilian,2017
1631,Meet Me in Montenegro,2014
1632,Spider-Man,2002
1633,Spider-Man 2,2004
1634,The 10 Year Plan,2015
1635,Westworld,2016
1636,Women and Sometimes Men,2018
1637,Disappearance at Clifton Hill,2019
1638,Rig 45,2018
1639,Miles From Tomorrowland,2015
1640,Mission Force One,2017
1641,Star vs. The Forces of Evil,2015
1642,World of Dance,2017
1643,Doc McStuffins,2012
1644,Gravity Falls,2012
1645,I Still Believe,2020
1646,The Titan Games,2019
1647,This Mountain Life,2019
1648,The Tracker,2019
1649,UFC 249,2020
1650,Drag Kids,2019
1651,AKA Jane Roe,2020
1652,Killer in Plain Sight,2018
1653,Premature,2019
1654,Rocketman,2019
1655,The Painter and the Thief,2020
1656,Top End Wedding,2019
1657,K.C. Undercover,2015
1658,Red Dog,2019
1659,2nd Date Sex,2019
1660,Above the Shadows,2019
1661,Already Tomorrow in Hong Kong,2015
1662,Autonomy,2019
1663,Big Men,2013
1664,Cosmos,2019
1665,Da Sweet Blood of Jesus,2015
1666,Morphle,2019
1667,Saving Atlantis,2018
1668,Scandal,2012
1669,The Mandela Effect,2019
1670,Baskets,2016
1671,Beat Bobby Flay,2017
1672,Digimon Adventure,1999
1673,Digimon Adventure 02,2000
1674,Digimon Frontier,2003
1675,Digimon Tamers,2001
1676,Fast N' Loud,2012
1677,My Friend Dahmer,2017
1678,Saving Flora,2018
1679,Street Outlaws,2013
1680,The Boy Downstairs,2018
1681,The Cat Rescuers,2018
1682,The Great,2020
1683,The Little Couple,2009
1684,Just Shoot Me,1997
1685,APPARE-RANMAN!,2020
1686,Claws,2017
1687,Blindspot,2015
1688,Delivered,2020
1689,Spaceship Earth,2020
1690,Pitch,2016
1691,The Hustle,2019
1692,Fine Lines,2019
1693,Pain and Glory,2019
1694,Shironeko Project ZERO CHRONICLE,2020
1695,The 33,2015
1696,The Lodge,2019
1697,Vikings,2011
1698,After Class,2019
1699,Arte,2020
1700,Listeners,2020
1701,Unlocking Victory,2019
1702,Bloom (AUS),2019
1703,Boomtown,2017
1704,Christine,2016
1705,Darwin's Game,2020
1706,Dismissed,2017
1707,F the Prom,2017
1708,Ghost Team (Unrated),2016
1709,Harry Benson: Shoot First,2016
1710,I Am Alone,2015
1711,In the Radiant City,2017
1712,Missing 411,2017
1713,The Dinner,2017
1714,Toxic Beauty,2019
1715,Sophie La Girafe,2017
1716,Cunningham,2019
1717,Hubble 30th Anniversary,2020
1718,A Kind of Murder,2016
1719,ABC News Archives: Earth Day,1970
1720,Detail: 1998 Chicago Bulls,2020
1721,Paranormal Activity 3,2011
1722,100 Streets,2016
1723,2 Days in Paris,2007
1724,Blame,2017
1725,This is Not Berlin,2019
1726,"Little People, Big World",2014
1727,Songland,2019
1728,Vault,2019
1729,Little Joe,2019
1730,13 Assassins,2011
1731,Barking Dogs Never Bite,2000
1732,Cashback,2007
1733,Force Majeure,2014
1734,Jesus Camp,2006
1735,Let the Right One In,2008
1736,Melancholia,2011
1737,Mother,2009
1738,Parasite,2019
1739,The Host,2006
1740,The Queen of Versailles,2012
1741,MLS,2009
1742,Future Man,2017
1743,Pooka Lives!,2020
1744,Siren,2018
1745,60 Days In: Narcoland,2019
1746,90 Day Fiancé: Happily Ever After?,2016
1747,Breaking Amish,2012
1748,Bring It!,2014
1749,Hatfields & McCoys,2012
1750,Hidden Potential,2018
1751,Kids Behind Bars: Life or Parole,2019
1752,Little Women: LA,2014
1753,Taken at Birth,2019
1754,The Family Chantel,2019
1755,The Food That Built America,2019
1756,The Kitchen,2014
1757,The Witch,2011
1758,Who Let the Dogs Out,2019
1759,Luther,2010
1760,Baghdad Central,2020
1761,Portrait of a Lady on Fire,2019
1762,Brown Girl Begins,2018
1763,Margaret Atwood: A Word After a Word After a Word is Power,2020
1764,Little Fires Everywhere,2020
1765,Gravity,2010
1766,Yu-Gi-Oh! ARC-V,2016
1767,Big Time Adolescence,2020
1768,Legion,2017
1769,Love Island: Australia,2018
1770,Taboo,2017
1771,The Bastard Executioner,2015
1772,Atlanta,2016
1773,Better Things,2016
1774,Monchhichi,2019
1775,Monos,2019
1776,The Most Dangerous Animal of All,2020
1777,Crawlers,2020
1778,Hillary,2020
1779,"I Draw, You Cook",2018
1780,Knives and Skin,2019
1781,Devs,2020
1782,Defining Moments with OZY,2020
1783,Flesh And Bone (TV),2015
1784,It's Always Sunny in Philadelphia,2005
1785,Life in Pieces,2015
1786,Snowfall,2017
1787,Extreme Rescues,2020
1788,Hawthorne,2009
1789,OK K.O.! Let's Be Heroes,2013
1790,Nip/Tuck,2003
1791,Último Tren A Rusia,2017
1792,Bless This Mess,2019
1793,Bad Banks,2018
1794,Britain's Best Home Cook,2018
1795,After Parkland,2019
1796,Getaway,2013
1797,Guardians of the Amazon,2020
1798,And So It Goes,2014
1799,Oculus,2013
1800,Racetime,2018
1801,Radioflash,2019
1802,The Other Guy,2017
1803,Utopia Falls,2020
1804,Sea of Shadows,2019
1805,Alive,2019
1806,Smile Down the Runway,2020
1807,Wrong Man,2018
1808,Infinite Dendrogram,2020
1809,Toilet-bound Hanako-kun,2020
1810,"BOFURI: I Don't Want to Get Hurt, so I'll Max Out My Defense.",2020
1811,My Valentine,2020
1812,Plunderer,2020
1813,Angel of Mine,2019
1814,Mamon,2015
1815,Sorcerous Stabber Orphen,2020
1816,The Cave,2019
1817,Wrinkles the Clown,2019
1818,Basketball: A Love Story,2018
1819,Princess Cyd,2017
1820,UFC 246,2020
1821,WWE Miz and Mrs,2018
1822,Tom Brady’s Big Super Bowl Announcement,2020
1823,Adam,2019
1824,All About E,2015
1825,Cherry Pop,2017
1826,Getting Go: The Go Doc Project,2013
1827,Henry Gamble's Birthday Party,2015
1828,Howards End,2017
1829,Liz in September,2014
1830,Naz & Maalik,2015
1831,The Girl King,2015
1832,Those People,2015
1833,Where We Go from Here,2019
1834,Blast of Tempest,2012
1835,Blue Exorcist,2011
1836,Charlotte,2015
1837,Durarara!!,2010
1838,Durarara!!x2,2015
1839,Erased,2016
1840,Fate/stay night [Unlimited Blade Works],2014
1841,Fate/Zero,2011
1842,Fullmetal Alchemist: Brotherhood,2009
1843,Gurren Lagann,2008
1844,Kill la Kill,2013
1845,Magi,2013
1846,Magi 2,2012
1847,My little Pony Crystal Princess: The Runaway Rainbow en Español,2006
1848,My little Pony: A Very Minty Christmas en Español,2014
1849,My Little Pony: Friendship is Magic en Español,2019
1850,My Little Pony: The Princess Promenade en Español,2006
1851,My little Pony: Twinkle Wish Adventure en Español,2009
1852,Nisekoi,2014
1853,Nisekoi 2,2015
1854,Oreshura,2013
1855,Plastic Memories,2015
1856,Puella Magi Madoka Magica,2011
1857,Rurouni Kenshin,1996
1858,Serie Pokémon XY,2014
1859,Serie Pokémon XY – Expediciones en Kalos,2015
1860,Serie Pokémon XYZ,2016
1861,Sword Art Online,2012
1862,Sword Art Online Extra Edition,2013
1863,Sword Art Online II,2014
1864,The Asterisk War,2015
1865,Your Lie in April,2014
1866,I Am Jazz,2015
1867,Brian Banks,2019
1868,Luce,2019
1869,Cooks vs. Cons,2016
1870,Damages en Español,2009
1871,Flea Market Flip,2012
1872,Good Eats: Reloaded,2018
1873,Emanuel,2019
1874,The Detour,2016
1875,Justified,2010
1876,Justified en Español,2010
1877,"Life, Animated",2016
1878,Gold Rush: Dave Turin's Lost Mine,2019
1879,Greener Grass,2019
1880,Coherence,2014
1881,NASA Explorers,2019
1882,Rare Exports: A Christmas Tale,2010
1883,The Alchemist Cookbook,2016
1884,We Need to Talk About Kevin,2011
1885,Lodge 49,2018
1886,The Terror,2018
1887,Gordon Ramsay's 24 Hours to Hell and Back,2018
1888,The Art of Self-Defense,2019
1889,FOX News Sunday,1996
1890,Honeyland,2019
1891,Raise Hell: The Life and Times of Molly Ivins,2019
1892,¿Dónde Está Elisa?,2010
1893,C.B. Strike,2018
1894,Damages,2007
1895,Hunting JonBenét's Killer: The Untold Story,2019
1896,Rellik,2018
1897,Rescue Me,2004
1898,The Curse of Oak Island,2014
1899,The Zen Diaries of Garry Shandling,2018
1900,24 Hour Love,2013
1901,35 and Ticking,2011
1902,A Score to Settle,2019
1903,Beneath the Darkness,2011
1904,Cabin Fever: Patient Zero,2014
1905,Catching Faith,2015
1906,D.L. Hughley: Reset,2012
1907,Dark Was the Night,2014
1908,Day of the Falcon,2013
1909,Digging Up the Marrow,2015
1910,Elvira: Mistress of the Dark,1988
1911,Gary Owen: I Agree with Myself,2015
1912,Hellbound: Hellraiser II,1988
1913,Into the Ashes,2019
1914,Kill Order,2017
1915,Mary,2019
1916,Middle of Nowhere,2010
1917,Nina,2016
1918,Odd Thomas,2014
1919,Playin' For Love,2015
1920,Robo-Dog,2016
1921,So This Is Christmas,2012
1922,Step Dogs,2013
1923,The Clintons: An American Odyssey,2012
1924,The Heart of Christmas,2011
1925,The Houses October Built,2014
1926,The Houses October Built 2,2017
1927,The Numbers Station,2013
1928,The Tall Man,2012
1929,Trick,2019
1930,WolfCop,2014
1931,Andy & the Donald,2019
1932,Running with the Devil,2019
1933,Lil Rel Howery: Live in Crenshaw,2019
1934,Preacher,2016
1935,CFB150,2019
1936,Littlekenny,2019
1937,Midnight Kiss,2019
1938,New Order: Decades,2018
1939,The Day Shall Come,2019
1940,Black Jesus,2014
1941,Lo and Behold: Reveries of the Connected World,2016
1942,Pokémon the Movie: Diancie and the Cocoon of Destruction,2014
1943,Pokémon the Movie: Hoopa and the Clash of Ages,2015
1944,Pokémon The Movie: Volcanion and the Mechanical Marvel,2016
1945,Pokémon the Series: XY,2017
1946,Pokémon the Series: XY Kalos Quest,2017
1947,Pokémon the Series: XYZ,2015
1948,A Christmas Carol (2019),2019
1949,Loro,2018
1950,My Little Pony: Friendship Is Magic,2010
1951,Cold Case Hammarskjöld,2019
1952,The Kid,2019
1953,Wild Rose,2018
1954,ID: INVADED,2019
1955,Depraved,2019
1956,Marvel's Runaways,2017
1957,Blackfish,2013
1958,Fast Color,2018
1959,Catherine the Great,2019
1960,My Little Pony Crystal Princess: The Runaway Rainbow,2006
1961,My Little Pony: A Very Minty Christmas,2005
1962,My Little Pony: The Princess Promenade,2006
1963,My Little Pony: Twinkle Wish Adventure,2009
1964,The Harder Way,2019
1965,A Nasty Piece of Work,2019
1966,Eddie Griffin: E-Niggma,2019
1967,Reprisal,2019
1968,How to Train Your Dragon: Homecoming,2019
1969,How to Train Your Dragon: Snoggletog Log,2019
1970,Killers Anonymous,2019
1971,Politicking With Larry King,2013
1972,Making It,2018
1973,This One's for the Ladies,2018
1974,GINTAMA,2006
1975,The Only Way Is Essex,2010
1976,Apple Tree Yard,2017
1977,Mike Wallace Is Here,2019
1978,Astronaut,2019
1979,Love & Mercy,2015
1980,Ice Age: A Mammoth Christmas,2011
1981,Holly Hobbie,2018
1982,The Accident,2019
1983,Vita & Virginia,2019
1984,The Quiet One,2019
1985,Booksmart,2019
1986,The Tomorrow Man,2019
1987,UFC Sound Waves,2017
1988,Fantastica: A Boonie Bears Adventure,2017
1989,BuzzFeed Unsolved: Supernatural,2016
1990,Dollface,2019
1991,Case file n°221 : Kabukicho,2019
1992,Stars Align,2019
1993,You're the Worst,2014
1994,Phantasy Star Online 2: Episode Oracle,2019
1995,Stand My Heroes: Piece of Truth,2019
1996,The Biggest Little Farm,2018
1997,BBQuest,2018
1998,Framing John DeLorean,2019
1999,Special 7: Special Crime Investigation Unit,2019
2000,Denial,2016
2001,Kono Oto Tomare!: Sounds of Life,2019
2002,AZUR LANE,2019
2003,After School Dice Club,2019
2004,Cautious Hero: The Hero Is Overpowered But Overly Cautious,2019
2005,Celeste Barber: Challenge Accepted,2019
2006,Investigations by Vice,2019
2007,Kemono Michi: Rise Up,2019
2008,Kids Baking Championship,2015
2009,Pilgrim,2019
2010,Sinbad: Legend of the Seven Seas,2003
2011,The Nightingale,2018
2012,Snake City,2015
2013,In Search of Greatness,2018
2014,Meeting Gorbachev,2018
2015,The Boardroom,2019
2016,Ultimate Survival WWII,2019
2017,Raw. Vegan. Not Gross.,2018
2018,ZOMBOAT!,2019
2019,Unsolved Mysteries,1988
2020,Castle Rock,2018
2021,HobbyKids Adventures by pocket.watch,2019
2022,Looking for Alaska,2019
2023,Pocket.watch EvanTubeHD Ultimate mishmash,2018
2024,Pocket.watch HobbyKidsTV Ultimate mishmash,2018
2025,Wounds,2019
2026,Toni Morrison: The Pieces I Am,2019
2027,Daytime Noir,2020
2028,The World Between Us,2019
2029,Little Woods,2019
2030,Sword Art Online -Alicization-,2018
2031,Little Monsters,2019
2032,Madonna and the Breakfast Club,2019
2033,Savage Youth,2018
2034,Scotch: A Golden Dream,2018
2035,Trespassers,2018
2036,Cannabis Evolution,2019
2037,Missing Link,2019
2038,A New Leaf,2019
2039,Consumer 101,2018
2040,The Champion Within,2017
2041,Vets Saving Pets,2018
2042,We Never Learn: BOKUBEN,2019
2043,Alex Morgan: The Equalizer,2019
2044,Uncanny Annie,2019
2045,Almost Family,2019
2046,Amazing Grace,2018
2047,Flagged,2019
2048,Hidden Mother,2019
2049,Ride,2019
2050,Swiped to Death,2019
2051,The Dunes,2019
2052,The Ripper,2019
2053,Undo,2019
2054,30 for 30,2016
2055,Biography: The Trump Dynasty,2019
2056,Hillbilly,2019
2057,Hunt for the Skinwalker,2018
2058,Many Sides of Jane,2019
2059,OutDaughtered,2016
2060,The Amityville Murders,2018
2061,The Dead Files,2013
2062,The First 48 Presents: Homicide Squad Atlanta,2019
2063,Basketball Wives LA,2011
2064,Teen Spirit,2018
2065,The Hills,2006
2066,Hitler's Last Stand,2018
2067,Love & Hip Hop Hollywood,2015
2068,Fresh off the Boat,2015
2069,Single Parents,2018
2070,Drifters,2020
2071,Empire,2015
2072,Joe Bennett Collection,2020
2073,Aniara,2018
2074,Crypto,2019
2075,Culture Shock: A Conversation With Director Gigi Saul Guerrero,2019
2076,Larrymania,2012
2077,NFL's Greatest Games,1997
2078,Elementary,2012
2079,"Dios, Inc.",2016
2080,Murder in the Bayou,2019
2081,Nitro Circus: The Movie,2012
2082,Hijos Del Carnaval,2008
2083,Activate: The Global Citizen Movement,2019
2084,Curious George: Royal Monkey,2019
2085,Backstory,2019
2086,Hotel Mumbai,2018
2087,Pure,2019
2088,We Die Young,2019
2089,Matriarch,2018
2090,The Many Lives of Nick Buoniconti,2019
2091,Buried Secrets of WWII,2019
2092,Untouchable,2019
2093,Chuggington,2010
2094,Playing It Cool,2015
2095,GameFace,2017
2096,Worth It,2016
2097,Body at Brighton Rock,2019
2098,The Son,2017
2099,Dana White's Contender Series,2017
2100,Designing Women,1986
2101,The Affair,2014
2102,Farruko: En Letra de Otro,2019
2103,Lethal Weapon,2016
2104,Mapplethorpe,2018
2105,Jawline,2019
2106,Hail Satan?,2019
2107,Shark Movers: Deadly Cargo,2019
2108,Forecast Shark Attack,2019
2109,The Amazing Johnathan Documentary,2019
2110,Dogman,2018
2111,The Whale That Ate Jaws: Eyewitness Report,2019
2112,Andy Irons: Kissed by God,2018
2113,BEM,2019
2114,Great Shark Chow Down,2019
2115,Cannibal Sharks,2019
2116,AWOL,2017
2117,The Beach Bum,2019
2118,Apollo: Back to the Moon,2019
2119,Arifureta: From Commonplace to World's Strongest,2019
2120,Cop Craft,2019
2121,Fosse/Verdon,2019
2122,Kochoki,2019
2123,Plus One,2019
2124,The Armstrong Tapes,2019
2125,The Ones Within,2019
2126,ASTRA LOST IN SPACE,2019
2127,Big Little Lies,2017
2128,"Demon Lord, Retry!",2019
2129,Non-Fiction,2019
2130,School Spirit,2019
2131,Hackerville,2019
2132,The Hunchback of Notre Dame,1923
2133,Along with the Gods: The Last 49 Days,2018
2134,Four Weddings and a Funeral,2019
2135,After Darkness,2018
2136,I Trapped the Devil,2019
2137,Light as a Feather,2018
2138,The Field Guide to Evil,2018
2139,Blue Bloods,2011
2140,Time Freak,2018
2141,Apollo 11,2019
2142,ISS Expedition,2015
2143,Clair de Lune 4K Version - Moon Images from NASA's Lunar Reconnaissance Orbiter,2018
2144,Earth Views,2019
2145,NASA Discusses Recent Testing of the James Webb Space Telescope,2018
2146,NASA's Giant Leaps: Past and Future - Celebrating Apollo 50th as we Go Forward to the Moon,2019
2147,NASA’s Look at 50 Years of Apollo,2018
2148,Parker Solar Probe Launch Coverage,2018
2149,Space Station Fisheye Fly-Through,2016
2150,SpaceX Crew Dragon’s First Launch on Demo-1 Mission,2019
2151,SpaceX TESS Live Launch Coverage,2018
2152,Stunning Aurora Borealis from Space,2016
2153,Tour of the Moon 4k Redux,2018
2154,Veronica Mars,2019
2155,Somm,2013
2156,Somm 3,2018
2157,Somm: Into The Bottle,2015
2158,Killer Unknown,2018
2159,Love It or List It,2008
2160,Clique,2017
2161,SneakerCenter,2019
2162,Harlots,2017
2163,The Amazing World of Gumball,2011
2164,The Venture Bros.,2003
2165,Culture Shock,2019
2166,The Brink,2019
2167,Chernobyl,2019
2168,The Last Word,2017
2169,Nightwatch Nation,2018
2170,Project Runway,2005
2171,The Man Who Killed Hitler and Then the Bigfoot,2018
2172,The Sweet Life,2016
2173,Stargate SG-1,1997
2174,Diane,2018
2175,Lords of Chaos,2018
2176,El Jardin De Bronce,2017
2177,Out of Blue,2018
2178,The Bravest Knight,2019
2179,The Riveras,2016
2180,Declared,2019
2181,Das Boot,2018
2182,12 Monkeys,2014
2183,El Negocio,2014
2184,They Come Knocking,2019
2185,The Bomber,2019
2186,The Weekly,2019
2187,Vox Lux,2018
2188,Ask Dr. Ruth,2019
2189,Blinded by the Lights,2019
2190,The Lonely Man,1957
2191,Angie Tribeca,2016
2192,Broad City,2014
2193,The Big Valley,1965
2194,Backtrace,2018
2195,Baywatch,1989
2196,Beat Shazam,2017
2197,Ben Is Back,2018
2198,Catch-22,2019
2199,Counting On,2015
2200,Diesel Brothers,2016
2201,Entre Nos,2017
2202,Good Bones,2016
2203,DriverX,2018
2204,Professional Fighters League,2017
2205,Wise Man's Grandchild,2019
2206,RobiHachi,2019
2207,Afterlost,2019
2208,Fairy gone,2019
2209,MIX,2019
2210,Drunk History,2013
2211,The Clovehitch Killer,2018
2212,All That We Destroy,2019
2213,Welcome to Mercy,2018
2214,Voltron: Defender of the Universe,1984
2215,Border,2018
2216,Don't Go,2018
2217,The Sisters Brothers,2018
2218,I Am the Night,2019
2219,Ring Science,2019
2220,The Quake,2018
2221,What’s Wrong With Secretary Kim,2018
2222,One-Punch Man,2015
2223,Superstructures: Engineering Marvels,2019
2224,Barefoot Contessa,2002
2225,The Last Alaskans,2015
2226,Pledge,2018
2227,Fantastic Fights,2019
2228,The Last Ship,2014
2229,Tyrel,2018
2230,The Prospects,2019
2231,Destroyer,2018
2232,Cults and Extreme Belief,2018
2233,I'm Just F*cking With You,2019
2234,Law of the Lawless,1964
2235,Chef Flynn,2018
2236,Legendary Catch,2019
2237,She-Ra: Princess of Power,1985
2238,Monsters and Men,2018
2239,If Beale Street Could Talk,2018
2240,Cardinal,2017
2241,Miami Vice,1984
2242,The Last Race,2018
2243,Mental Samurai,2019
2244,The Act,2019
2245,Assassination Nation,2018
2246,Divide and Conquer: The Story of Roger Ailes,2018
2247,Havana Street Party Presents Orishas,2019
2248,Tea With the Dames,2018
2249,Shoplifters,2018
2250,MasterChef Junior,2013
2251,American Gods,2017
2252,"Drugs, Inc.",2010
2253,Hang-Ups,2018
2254,Puppies vs. the World,2017
2255,"Underworld, Inc.",2015
2256,Voltron: Fleet Of Doom,1986
2257,Can I Steal You for a Second?,2019
2258,Treehouse,2019
2259,Digging for Fire,2015
2260,The Guilty,2018
2261,Unikitty en Español,2017
2262,Three Identical Strangers,2018
2263,We Are LAFC,2019
2264,The Panama Papers,2018
2265,Stan Against Evil,2016
2266,Code Geass,2007
2267,Jamie's Quick & Easy Food,2017
2268,Outlaw Star,1998
2269,Tasty 101,2016
2270,False Flag,2015
2271,Unbanned: The Legend of AJ1,2019
2272,Dharma & Greg,1997
2273,Murder on the Internet,2017
2274,Fairy Tail,2009
2275,Steins;Gate 0,2018
2276,Dog Days,2018
2277,The Bob Newhart Show,1972
2278,Pick of the Litter,2018
2279,Down,2019
2280,The Joe Louis Story,1953
2281,Bad Reputation,2018
2282,"Love, Gilda",2018
2283,Cruise,2018
2284,WTF Baron Davis,2019
2285,Nostradamus Effect,2009
2286,The Pillars Of The Earth,2010
2287,World Without End (2012),2012
2288,Butterfly (2018),2018
2289,Knight Rider Classic,1982
2290,The Menendez Murders: Erik Tells All,2017
2291,Truth and Lies: Monica and Bill,2019
2292,UFC Destined,2019
2293,FYRE FRAUD,2019
2294,Miranda (TV),2009
2295,Dead by Dawn,2019
2296,Kaguya-sama: Love Is War,2019
2297,Comrades & Cash: How Money Found Its Way Through the Iron Curtain,2015
2298,Kusama: Infinity,2018
2299,Support the Girls,2018
2300,Ally McBeal,1997
2301,Curious George: A Very Monkey Christmas,2009
2302,Heathers,1989
2303,Jorge el Curioso: Una Navidad de Monos,2009
2304,Shrek en Español,2001
2305,The X-Files,1993
2306,A Crooked Somebody,2017
2307,The Orville,2017
2308,Eating Animals,2017
2309,Far From the Tree,2017
2310,"New Year, New You",2018
2311,UFC 25 Greatest Fights,2018
2312,UFC Fight Flashback,2014
2313,UFC Main Event,2014
2314,UFC Reloaded,2015
2315,UFC Top 10,2015
2316,UFC Unleashed,2005
2317,A Killer on Floor 32,2018
2318,Mighty Magiswords,2015
2319,Polly Pocket,2018
2320,Desperate Housewives en Español,2004
2321,The Devil's Doorway,2018
2322,Christmas Perfection,2018
2323,Every Other Holiday,2018
2324,He-Man and the Masters of the Universe,1983
2325,Hearts Beat Loud,2018
2326,The Killing,2011
2327,Boston Legal,2004
2328,Burn Notice,2007
2329,Damsel,2018
2330,White Collar,2009
2331,The Snow Queen 3: Fire and Ice,2016
2332,Deutschland 86,2018
2333,"Nico, 1988",2017
2334,Graves,2016
2335,Pooka!,2018
2336,NBA Rooks,2012
2337,Adventure Time,2010
2338,The Powerpuff Girls (2016),2016
2339,24,2001
2340,Casi Leyendas,2017
2341,Melissa & Joey,2010
2342,Pixi Saves Christmas,2018
2343,"Señor, Dame Paciencia",2017
2344,Hollywood Game Night,2013
2345,Damascus Cover,2018
2346,Feral,2017
2347,Shark,2006
2348,Sorry to Bother You,2018
2349,Nina's World,2015
2350,The Bisexual,2018
2351,Cartel Land,2015
2352,Dust 2 Glory,2017
2353,Luis and the Aliens,2018
2354,Anthony Bourdain: No Reservations,2005
2355,Living With Fran,2005
2356,That Summer,2017
2357,Married... With Children,1987
2358,Under the Tree,2017
2359,Dietland,2018
2360,Flesh & Blood,2018
2361,Johnny Reno,1966
2362,King of the Hill,1997
2363,SIX,2017
2364,The 12th Man,2018
2365,Earn Everything,2018
2366,Racer and the Jailbird,2017
2367,Let the Sunshine In,2017
2368,El Fantasma de Elena,2010
2369,Bad Roomies,2015
2370,High Strung,2016
2371,It Came from the Desert,2017
2372,The Bernie Mac Show,2001
2373,The Escort,2016
2374,Total Wipeout,2009
2375,NBA: Year One,2018
2376,Alguien te Mira,2010
2377,Speechless,2016
2378,The Practice,1997
2379,Dot,2016
2380,La Diosa Coronada,2010
2381,Southbound,2015
2382,The Body,2018
2383,Rascal Does Not Dream of Bunny Girl Senpai,2018
2384,Brothers & Sisters,2006
2385,10 Things I Hate About You,2009
2386,Baby Daddy,2012
2387,Carved,2018
2388,Cougar Town,2009
2389,Dama y Obrero,2013
2390,El Clon,2010
2391,Greek,2007
2392,"Haunting, Horrifying Sounds from Beyond the Grave",2018
2393,Legit,2013
2394,Lincoln Heights,2007
2395,Lippy,2018
2396,Make It or Break It,2009
2397,Out There,2013
2398,St. Elsewhere,1982
2399,The Box,2018
2400,The Gillymuck,2018
2401,The Hug,2018
2402,The Jackie Robinson Story,1950
2403,The League,2009
2404,The Mary Tyler Moore Show,1970
2405,The Riches,2007
2406,The Rizzle,2018
2407,The Secret Life of the American Teenager,2008
2408,Ugly Betty,2006
2409,Ugly Betty en Español,2006
2410,Urn,2018
2411,A 2nd Chance,2014
2412,"Truth and Lies: Jonestown, Paradise Lost",2018
2413,10.0 Earthquake,2014
2414,The Archer,2017
2415,Zapped,2014
2416,Star,2016
2417,The Gifted,2017
2418,Aurora (TV),2010
2419,La Impostora,2014
2420,Training Days: Rolling with the Tide,2018
2421,Pasión de gavilanes,2003
2422,Good Behavior,2017
2423,The First,2018
2424,Chopped Junior,2015
2425,Expedition Unknown,2017
2426,Warriors of Liberty City,2018
2427,Cake Wars,2015
2428,Cupcake Wars,2010
2429,Flower,2017
2430,Just Between Lovers,2017
2431,Eva la Trailera,2016
2432,America To Me,2018
2433,Crime + Punishment,2018
2434,Pasión Prohibida,2013
2435,Minding the Gap,2018
2436,Perro Amor,2015
2437,A Ciambra,2017
2438,Borg vs McEnroe,2017
2439,Rosa Diamante,2012
2440,Tim & Eric's Bedtime Stories,2014
2441,Life of Kylie,2017
2442,El Cuerpo del Deseo,2006
2443,En otra piel,2014
2444,Casual,2015
2445,Alone Together,2018
2446,The Thundermans,2013
2447,Devils' Line,2018
2448,Ballet Now,2018
2449,Marido en Alquiler,2013
2450,Enhanced,2018
2451,UnREAL,2015
2452,Home Town,2017
2453,Pocket.watch JillianTubeHD Ultimate mishmash,2018
2454,Pocket.watch Ryan ToysReview Ultimate mishmash,2018
2455,Property Brothers: Buying & Selling,2012
2456,Restaurant: Impossible,2011
2457,La Casa de al Lado,2011
2458,Santa Diabla,2014
2459,Lost en Español,2004
2460,Corazón valiente,2012
2461,Ancient Top 10,2016
2462,The Librarians,2014
2463,The Murder of Laci Peterson,2017
2464,The Legend of the Blue Sea,2016
2465,While You Were Sleeping (TV),2017
2466,M*A*S*H,1972
2467,Classic Wimbledon,2018
2468,Curious George 3: Back to the Jungle,2015
2469,Jorge el Curioso 3: De regreso a la Jungla,2015
2470,Nine for IX,2013
2471,Breakup at a Wedding,2013
2472,Dirk Gently's Holistic Detective Agency,2016
2473,Napoleon Dynamite (2012),2012
2474,"Ruff Ruff, Tweet and Dave",2015
2475,Weediquette,2016
2476,I Love Jenni,2011
2477,Night of the Living Dead,1968
2478,When Shall We Kiss,2011
2479,"I, Tonya",2017
2480,Doozers,2014
2481,Half Magic,2018
2482,Cheddar Features,2018
2483,Money Menu,2018
2484,Neat: The Story of Bourbon,2018
2485,(Dub) Sword Art Online: The Movie - Ordinal Scale,2017
2486,(Sub) Sword Art Online: The Movie - Ordinal Scale,2017
2487,Cheddar Explains,2018
2488,Last Train to Russia,2018
2489,The Strain,2014
2490,It's a Disaster,2013
2491,All Night,2018
2492,My Name Is Earl,2005
2493,Witches of East End,2013
2494,Bajo el Mismo Cielo,2015
2495,Chiquis 'n Control,2012
2496,Dueños del Paraíso,2015
2497,El Señor de los Cielos,2013
2498,La Patrona,2013
2499,Señora Acero,2014
2500,Tierra de Reyes,2014
2501,The First 48,2004
2502,The Hangman,1959
2503,Teen Titans Go! en Español,2013
2504,Tiny Shoulders: Rethinking Barbie,2018
2505,Friday Night Lights,2006
2506,Mom and Dad,2018
2507,Tragedy Girls,2017
2508,Detail,2018
2509,Thelma,2017
2510,The Messenger,2009
2511,Tokyo Ghoul,2014
2512,PERSONA5 the Animation,2018
2513,"Sword Art Online Alternative ""Gun Gale Online""",2018
2514,Magic City,2012
2515,National Treasure: Kiri,2018
2516,Flip or Flop,2013
2517,House Hunters Renovation,2012
2518,Iron Chef America,2005
2519,The Killer Speaks,2013
2520,Warpath,1951
2521,NYPD Blue,1993
2522,March of the Penguins 2: The Next Step,2018
2523,Toddlers & Tiaras,2008
2524,Shadowhunters,2016
2525,4 Lovers,2013
2526,Deadliest Catch,2014
2527,Hello I Must Be Going,2012
2528,Sister Wives,2010
2529,Mobile Suit Gundam UC (Unicorn),2017
2530,SC Featured,2017
2531,Becoming,2014
2532,Timeless,2016
2533,Fantasmagorias,2017
2534,Hard Sun,2018
2535,Survivor,2000
2536,30 for 30 Shorts,2014
2537,Indy 500,2018
2538,Legends,2014
2539,Classic Boxing,2018
2540,ESPN Films Presents,2009
2541,O.J.: Made in America,2016
2542,The Masters Films,2019
2543,Scrubs,2001
2544,28 Hotel Rooms,2013
2545,Monogamy,2010
2546,The Girlfriend Experience,2016
2547,Better Off Ted,2009
2548,Overdrive,2017
2549,Nightcap,2016
2550,Black Spurs,1965
2551,One Tree Hill,2003
2552,Wasteland,2017
2553,ABC News Specials,2006
2554,Uncle Grandpa,2015
2555,Dollhouse,2009
2556,The Glades,2010
2557,ER,1994
2558,Breakout Kings,2011
2559,Lie to Me,2009
2560,Saving Grace (2007),2007
2561,Living Single,1993
2562,Teenage Mutant Ninja Turtles,2012
2563,Gordon Ramsay's The F Word,2005
2564,Nashville,2012
2565,Truth and Lies: Waco,2018
2566,Animaniacs: Wakko’s Wish,1999
2567,Lost,2004
2568,Pinky & The Brain,1995
2569,"Pinky, Elmyra & The Brain",1998
2570,Steven Spielberg Presents: Tiny Toon Adventures,1990
2571,Tiny Toon Adventures: How I Spent My Vacation,1992
2572,Tiny Toon Adventures: Night Ghoulery,1995
2573,Tiny Toons Spring Break Special,1994
2574,Cold Case Files,2009
2575,Ghost Adventures,2010
2576,The Dick Van Dyke Show,1961
2577,Twin Peaks,1990
2578,Gordon Ramsay's Ultimate Home Cooking,2013
2579,Clarence,2014
2580,Kitchen Nightmares,2007
2581,Prime Suspect (UK),1991
2582,Bunheads,2012
2583,Steven Universe,2014
2584,ESL: Defining Moments,2017
2585,Legion of Brothers,2017
2586,Malcolm in the Middle,2000
2587,Revenge,2011
2588,Below the Surface,2017
2589,East Los High,2013
2590,Inside No. 9,2014
2591,Midnight Sun,2016
2592,The Mick,2017
2593,The Unit,2006
2594,Prison Break,2005
2595,Sonic Boom,2014
2596,Obey Giant,2017
2597,The Exorcist,2016
2598,ESL Bootcamp: Immortals,2017
2599,Akame ga Kill!,2014
2600,Maid-sama,2010
2601,ESL: Replay,2017
2602,Man Seeking Woman,2015
2603,Rosewood,2015
2604,Son of Zorn,2016
2605,Doozers en Español,2013
2606,Scandalize My Name,1999
2607,Infinite Stratos,2011
2608,The House,2017
2609,Too Funny to Fail: The Life & Death of The Dana Carvey Show,2017
2610,Freakish,2016
2611,Haunted Screens,2017
2612,Futurama,1999
2613,Terrific Trucks,2016
2614,"I Love You, America With Sarah Silverman",2017
2615,Chance,2016
2616,Black Clover,2017
2617,"Rica, Famosa, Latina",2014
2618,The Last Man on Earth,2015
2619,30 Rock,2006
2620,Fugget About It,2012
2621,Doc Martin,2004
2622,Family Matters,1989
2623,Peep Show,2003
2624,Leah Remini: Scientology and the Aftermath,2016
2625,Bones,2005
2626,The Carmichael Show,2015
2627,Will & Grace (1998),1998
2628,NASA X,2012
2629,The Mindy Project,2012
2630,Top of the Lake,2013
2631,(Dub) Afro Samurai Resurrection,2009
2632,(Dub) Dragon Age: Dawn of the Seeker,2012
2633,(Dub) Mass Effect: Paragon Lost,2013
2634,(Sub) Fafner: Heaven and Earth,2010
2635,(Sub) Fairy Tail the Movie: Phoenix Priestess,2012
2636,(Sub) Trigun: Badlands Rumble,2010
2637,Aesthetica of a Rogue Hero,2012
2638,Afro Samurai,2009
2639,Aquarion,2005
2640,Aquarion EVOL,2012
2641,Aria: The Scarlet Ammo,2011
2642,Baka and Test: Summon the Beasts,2010
2643,Basilisk,2005
2644,Black Lagoon,2006
2645,Brothers Conflict,2013
2646,Code: Breaker,2012
2647,Corpse Princess,2008
2648,D-Frag!,2014
2649,Dragonar Academy,2014
2650,Dragonaut: The Resonance,2007
2651,Eden of the East,2009
2652,FLCL,2003
2653,Full Metal Panic!,2002
2654,Full Metal Panic! The Second Raid,2005
2655,Full Metal Panic? Fumoffu,2003
2656,Garo The Animation,2014
2657,Gun X Sword,2005
2658,Gungrave,2003
2659,Haganai,2011
2660,Hellsing,2001
2661,Hellsing Ultimate,2006
2662,Hetalia: Axis Powers,2009
2663,Is This a Zombie?,2011
2664,Jormungand,2012
2665,Kaleido Star,2004
2666,Kaze no Stigma,2007
2667,Kingdom (2012),2012
2668,Last Exile,2003
2669,Lord Marksman and Vanadis,2014
2670,Maken-Ki! Battling Venus,2011
2671,Mushi-shi,2005
2672,Nabari no Ou,2008
2673,Negima!? Magister Negi Magi,2007
2674,Nobunagun,2010
2675,Samurai 7,2006
2676,Soul Eater Not!,2014
2677,Space Dandy,2014
2678,Steins;Gate,2011
2679,The Devil is a Part-Timer!,2013
2680,The Sacred Blacksmith,2009
2681,Tokyo Majin,2007
2682,Total Divas,2014
2683,Tower of Druaga: The Aegis of Uruk,2008
2684,Tower of Druaga: The Sword of Uruk,2009
2685,Vandread,2000
2686,Witchblade,2006
2687,WWE Superstars,2009
2688,XxxHolic,2006
2689,How I Met Your Mother,2005
2690,Looking,2014
2691,Damien,2016
2692,Hill Street Blues,1981
2693,The Boonies,2016
2694,Generation Kill,2008
2695,Salem,2014
2696,Regular Show,2010
2697,The Driver,2017
2698,We Bare Bears,2015
2699,Difficult People,2015
2700,Bad Company,1972
2701,Hannie Caulder,1971
2702,Brickleberry,2012
2703,Graceland,2013
2704,Raising Hope,2010
2705,Bordertown,2016
2706,The Cleveland Show,2009
2707,Second Chance,2016
2708,Touch,2012
2709,A Man Alone,1955
2710,Johnny Guitar,1954
2711,Tall Stranger,1957
2712,The Eagle and the Hawk,1950
2713,The Furies,1950
2714,Don't Trust the B---- in Apt 23,2012
2715,Black-ish en Español,2014
2716,Dumb: The Story of Big Brother Magazine,2017
2717,Bullwhip,1958
2718,Sex&Drugs&Rock&Roll,2015
2719,Becoming Bond,2017
2720,Underground,2016
2721,America's Next Top Model,2011
2722,Batman & Bill,2017
2723,DCI Banks,2010
2724,Prey,2014
2725,The Hitchhiker's Guide to the Galaxy,1981
2726,The Kennedys (2015),2015
2727,Wayward Pines,2015
2728,John Ford Goes To War,2002
2729,Boruto: Naruto Next Generations,2017
2730,The Shield,2002
2731,Dimension 404,2017
2732,Pony Express,1953
2733,Shots Fired,2017
2734,Guilty Crown,2011
2735,Psycho-Pass,2012
2736,Seraph of the End: Vampire Reign,2015
2737,Snow White With the Red Hair,2015
2738,(Dub) Akira,1988
2739,(Sub) Akira,1988
2740,A Certain Magical Index,2008
2741,Cowboy Bebop,1998
2742,D. Gray-man HALLOW,2016
2743,Overlord,2015
2744,Spice and Wolf,2008
2745,Tenchi Muyo! War on Geminar,2009
2746,The Future Diary,2011
2747,The Heroic Legend of Arslan,2015
2748,The Wallflower,2006
2749,Tokyo ESP,2014
2750,Tokyo Ravens,2013
2751,Trigun,1998
2752,World Break: Aria of Curse for a Holy Swordsman,2015
2753,Yona of the Dawn,2014
2754,Yu Yu Hakusho,1992
2755,National Treasure,2016
2756,Mobile Suit Gundam 00,2007
2757,Mobile Suit Gundam SEED Remaster,2002
2758,Mobile Suit Gundam The 08th MS Team,1996
2759,Mobile Suit Gundam The Origin,2015
2760,Mobile Suit Gundam Wing,1995
2761,The Golden Girls,1985
2762,Devious Maids,2013
2763,24 Legacy,2017
2764,Murder in the First,2014
2765,Workaholics,2011
2766,Wasted,2016
2767,Blue Exorcist Kyoto Saga,2017
2768,JoJo’s Bizarre Adventure,2012
2769,Terraformars,2016
2770,Please Like Me,2013
2771,Sleepy Hollow,2013
2772,Chowder,2014
2773,Children of the Corn,1984
2774,Barbarians Rising,2016
2775,Hunt for the Wilderpeople,2016
2776,Desperate Housewives,2004
2777,Horace and Pete,2016
2778,The Powerpuff Girls (Classic),1998
2779,Scott & Bailey,2011
2780,Feed the Beast,2016
2781,Food Wars!,2015
2782,Mobile Suit Gundam: Iron-Blooded Orphans,2015
2783,Hello World,2016
2784,Smallville,2001
2785,The Beatles: Eight Days a Week - The Touring Years,2016
2786,The Aliens,2016
2787,Blue Bloods en Español,2010
2788,Community,2009
2789,Elementary en Español,2012
2790,The Amazing Race,2001
2791,Undercover Boss,2010
2792,Silk,2011
2793,My Strange Addiction,2010
2794,Married,2014
2795,Banished,2015
2796,Hunter x Hunter,2011
2797,Rosaline,2016
2798,The Musketeers,2014
2799,Atlantis,2013
2800,Pride and Prejudice,1995
2801,Bakuman,2010
2802,Being Erica,2009
2803,Dead Boss,2012
2804,Epitafios,2005
2805,In the Flesh,2013
2806,Jane Eyre (2006),2006
2807,The Mighty Boosh,2004
2808,Uncle,2012
2809,Fear Factor,2011
2810,Deadbeat,2013
2811,My Mad Fat Diary,2013
2812,Descendants of the Sun,2016
2813,Sailor Moon Crystal,2014
2814,Curious George,2006
2815,Jorge el Curioso,2006
2816,Bob Ross - The Joy of Painting,1983
2817,Naruto Shippuden,2007
2818,Dawson's Creek,1998
2819,11.22.63,2016
2820,Hunderby,2012
2821,Mr. Bean,1990
2822,Dragon Ball GT,1996
2823,Project Greenlight,2001
2824,Dagashi Kashi,2016
2825,Undefeated Bahamut Chronicle,2016
2826,Dimension W,2016
2827,"Grimgar, Ashes and Illusions",2016
2828,Saved by the Bell,1988
2829,Saved by the Bell: Hawaiian Style,1992
2830,Saved by the Bell: The College Years,1993
2831,Saved by the Bell: Wedding in Las Vegas,1994
2832,Divine Gate,2016
2833,Special A,2008
2834,Tears to Tiara,2009
2835,Assassination Classroom,2015
2836,Prince of Stride: Alternative,2016
2837,El Perro y El Gato,2006
2838,Happy Endings,2011
2839,Rosario + Vampire,2008
2840,The Goldbergs en Español,2013
2841,Deutschland 83,2015
2842,Sailor Moon,1992
2843,The Millionaire Matchmaker,2008
2844,Heroes Cotidianos,2015
2845,RocketJump: The Show,2015
2846,Oh My Venus,2015
2847,Rugrats,1991
2848,The Guardian,2001
2849,The Lucy Show,1967
2850,Noragami,2010
2851,Shomin Sample,2015
2852,Dance With Devils,2015
2853,Attack on Titan: Junior High,2015
2854,Chivalry of a Failed Knight,2015
2855,Heavy Object,2015
2856,Drake & Josh,2004
2857,Jersey Shore,2009
2858,Key & Peele,2012
2859,K,2012
2860,(Sub) K MISSING KINGS,2014
2861,The Awesomes,2013
2862,ItaKiss,2008
2863,The Hotwives of Las Vegas,2015
2864,Monster Musume: Everyday Life With Monster Girls,2015
2865,Ushio & Tora,2015
2866,Gate,2015
2867,Junjo Romantica,2008
2868,Sky Wizards Academy,2015
2869,The Awesomes en Español,2013
2870,Chaos Dragon,2015
2871,Intruders,2014
2872,Shimoneta: A Boring World Where the Concept of Dirty Jokes Doesn't Exist,2015
2873,Prison School,2015
2874,NASA Television Documentaries,2015
2875,GANGSTA.,2015
2876,HAPPYish,2015
2877,The Borgias,2011
2878,The Green Room With Paul Provenza,2010
2879,The Colony,2013
2880,Over the Garden Wall,2014
2881,Whose Line Is It Anyway? (UK),1988
2882,The Bravest Knight Who Ever Lived,2014
2883,Ben 10: Omniverse,2012
2884,Moone Boy,2012
2885,My Love Story!!,2015
2886,Ben 10 (2005),2005
2887,Ben 10: Secret of the Omnitrix,2007
2888,Foster's Home for Imaginary Friends,2004
2889,Sons of Anarchy,2008
2890,Blood Blockade Battlefront,2015
2891,Major Lazer,2015
2892,High School DxD,2012
2893,CSI: Crime Scene Investigation,2000
2894,CSI: Crime Scene Investigation (Español),2000
2895,Parasyte: The Maxim,2014
2896,Absolute Duo,2015
2897,Behind the Mask,2013
2898,The Other Man,2008
2899,The Resident,2012
2900,The Marvelous Misadventures of Flapjack,2008
2901,.hack//Roots,2006
2902,Stone Quackers,2015
2903,Death Parade,2015
2904,Kamisama Kiss,2012
2905,Cake Boss,2009
2906,Girls Just Want to Have Fun,1985
2907,Ron White: A Little Unprofessional,2012
2908,The Wrong Mans,2013
2909,Stargate Atlantis,2004
2910,Stargate Universe,2009
2911,Body of Proof,2011
2912,Cold Squad,1998
2913,Date A Live,2013
2914,Death Note,2006
2915,Inuyasha - The Final Act,2009
2916,Naruto,2005
2917,Rage of Bahamut: Genesis,2014
2918,Buddy Complex,2014
2919,With All Due Respect,2014
2920,.hack//SIGN,2002
2921,David Copperfield,1999
2922,Terror in Resonance,2014
2923,Offspring,2010
2924,Quick Draw,2013
2925,K-On!,2010
2926,The Hotwives of Orlando,2014
2927,Melrose Place,1992
2928,7th Heaven,1996
2929,Flashpoint,2009
2930,The Brady Bunch,1969
2931,Wings,1990
2932,Yu-Gi-Oh! ZEXAL,2011
2933,No Game No Life,2014
2934,Ranma 1/2,1989
2935,Australia's Next Top Model,2005
2936,Beverly Hills 90210,1990
2937,Cheers,1982
2938,Everybody Hates Chris,2005
2939,Taxi,1978
2940,The Odd Couple,1970
2941,A Boy Named Charlie Brown,1969
2942,A Very Brady Christmas,1988
2943,Dr. Seuss: Dr. Seuss on the Loose,1973
2944,Dr. Seuss: The Cat in the Hat,1971
2945,Sabrina Down Under,1999
2946,Snoopy Come Home,1972
2947,Dr. Seuss: The Lorax,1972
2948,Ghost Whisperer,2005
2949,Gargantia on the Verdurous Planet,2013
2950,Bleach,2006
2951,All Saints (1998),1998
2952,Hello Ladies,2013
2953,One Piece,1999
2954,The Secret of Crickley Hall,2012
2955,Getting On,2009
2956,Garfunkel And Oates,2012
2957,Sense and Sensibility (2008),2008
2958,(Sub) Ninja Scroll,1993
2959,Packed to the Rafters,2008
2960,Daniel Deronda,2002
2961,Oliver Twist (2007),2007
2962,Paradox,2009
2963,Dragon Ball,2001
2964,Saiyuki,2000
2965,Ergo Proxy,2006
2966,Mother Up,2013
2967,Misfits,2009
2968,Fate / Stay Night,2005
2969,Diabolik Lovers,2013
2970,Daisy of Love,2009
2971,Rock of Love,2007
2972,Coppelion,2013
2973,Absolutely Fabulous,1992
2974,Blackadder,1983
2975,High School USA!,2013
2976,Bedlam,2011
2977,Bleak House,2005
2978,Lark Rise to Candleford,2008
2979,New Tricks,2006
2980,Upstairs Downstairs,2011
2981,Whitechapel,2009
2982,(Sub) Legend of Heroes: Trails in the Sky,2011
2983,Clannad,2009
2984,Elfen Lied,2009
2985,Danganronpa: The Animation,2013
2986,Blood Lad,2013
2987,Sonic X,2003
2988,Uta no Prince Sama,2013
2989,Shameless (UK),2004
2990,City Homicide,2007
2991,I Love Lucy,1951
2992,McLeod's Daughters,2001
2993,Amy Winehouse: A Final Goodbye,2011
2994,"Say ""I Love You""",2012
2995,Blood-C,2011
2996,To Love Ru,2008
2997,Guyver: The Bioboosted Armor,2005
2998,Shakugan no Shana,2005
2999,The Thick of It,2005
3000,Up to Speed,2012
3001,Naruto Spin-Off: Rock Lee & His Ninja Pals,2012
3002,Accel World,2012
3003,A Day in the Life,2011
3004,CSI: Miami,2002
3005,Battleground,2012
3006,Reborn!,2006
3007,Blue Dragon Uncut,2007
3008,Nura: Rise of the Yokai Clan,2010
3009,Ouran High School Host Club,2006
3010,Toriko,2011
3011,Tiger & Bunny,2011
3012,Air Gear,2006
3013,Samurai Champloo,2004
3014,Shuffle,2005
3015,Slayers,1995
3016,Yu-Gi-Oh!,2001
3017,Big Windup,2007
3018,Black Cat,2008
3019,Vampire Knight,2008
3020,Kenichi,2006
3021,School Rumble,2004
3022,High School of the Dead,2010
3023,Flavor of Love,2006
3024,Chrome Shelled Regios,2009
3025,Yu-Gi-Oh! GX,2004
3026,Yu-Gi-Oh! 5D's,2008
3027,NASA 360,2010
3028,Coupling,2000
3029,Claymore,2007
3030,Initial D,1998
3031,Fruits Basket,2001
3032,D.Gray-man,2006
3033,Desert Punk,2004
3034,The Office (U.K.),2001
3035,Buso Renkin,2006
3036,The Prince of Tennis,2001
3037,Devil May Cry,2007
3038,Soul Eater,2008
3039,Inuyasha,2000
3040,Heroic Age,2007
3041,Black Blood Brothers,2006
3042,"Doogie Howser, M.D.",1989
3043,Lost in Space,1965
3044,Hikaru no Go,2006
3045,Angel,1999
3046,Arrested Development,2003
3047,Black Butler: Book of Circus,2014
3048,Blade Dance of the Elementalers,2014
3049,Boys Before Flowers,2009
3050,Buffy the Vampire Slayer,1997
3051,Doctora Juguetes,2012
3052,Firefly,2002
3053,Frasier,1993
3054,Hey Arnold!,1996
3055,Horrible Histories (UK),2009
3056,Kimi Ni Todoke: From Me to You,2009
3057,Medium,2005
3058,Numb3rs,2005
3059,Primeval,2007
3060,Reba,2001
3061,Roswell,1999
3062,Sabrina: The Teenage Witch,1996
3063,Samurai Harem,2009
3064,Scream Queens,2015
3065,Star Trek: Deep Space Nine,1995
3066,Star Trek: Enterprise,2001
3067,Star Trek: The Next Generation,1989
3068,Star Trek: The Original Series,1966
3069,Star Trek: Voyager,1997
3070,The Fades,2011
3071,The Twilight Zone,1959
3072,Tokyo Magnitude 8.0,2009
